-- phpMyAdmin SQL Dump
-- version 5.2.1
-- https://www.phpmyadmin.net/
--
-- Host: 178.63.129.214
-- Generation Time: Jun 12, 2025 at 08:52 PM
-- Server version: 10.11.11-MariaDB-log
-- PHP Version: 8.2.25

SET SQL_MODE = "NO_AUTO_VALUE_ON_ZERO";
START TRANSACTION;
SET time_zone = "+00:00";


/*!40101 SET @OLD_CHARACTER_SET_CLIENT=@@CHARACTER_SET_CLIENT */;
/*!40101 SET @OLD_CHARACTER_SET_RESULTS=@@CHARACTER_SET_RESULTS */;
/*!40101 SET @OLD_COLLATION_CONNECTION=@@COLLATION_CONNECTION */;
/*!40101 SET NAMES utf8mb4 */;

--
-- Database: `db20723`
--

DELIMITER $$
--
-- Procedures
--
CREATE DEFINER=`db20723`@`%` PROCEDURE `POMELO_AFTER_ADD_PRIMARY_KEY` (IN `SCHEMA_NAME_ARGUMENT` VARCHAR(255), IN `TABLE_NAME_ARGUMENT` VARCHAR(255), IN `COLUMN_NAME_ARGUMENT` VARCHAR(255))   BEGIN
	DECLARE HAS_AUTO_INCREMENT_ID INT(11);
	DECLARE PRIMARY_KEY_COLUMN_NAME VARCHAR(255);
	DECLARE PRIMARY_KEY_TYPE VARCHAR(255);
	DECLARE SQL_EXP VARCHAR(1000);
	SELECT COUNT(*)
		INTO HAS_AUTO_INCREMENT_ID
		FROM `information_schema`.`COLUMNS`
		WHERE `TABLE_SCHEMA` = (SELECT IFNULL(SCHEMA_NAME_ARGUMENT, SCHEMA()))
			AND `TABLE_NAME` = TABLE_NAME_ARGUMENT
			AND `COLUMN_NAME` = COLUMN_NAME_ARGUMENT
			AND `COLUMN_TYPE` LIKE '%int%'
			AND `COLUMN_KEY` = 'PRI';
	IF HAS_AUTO_INCREMENT_ID THEN
		SELECT `COLUMN_TYPE`
			INTO PRIMARY_KEY_TYPE
			FROM `information_schema`.`COLUMNS`
			WHERE `TABLE_SCHEMA` = (SELECT IFNULL(SCHEMA_NAME_ARGUMENT, SCHEMA()))
				AND `TABLE_NAME` = TABLE_NAME_ARGUMENT
				AND `COLUMN_NAME` = COLUMN_NAME_ARGUMENT
				AND `COLUMN_TYPE` LIKE '%int%'
				AND `COLUMN_KEY` = 'PRI';
		SELECT `COLUMN_NAME`
			INTO PRIMARY_KEY_COLUMN_NAME
			FROM `information_schema`.`COLUMNS`
			WHERE `TABLE_SCHEMA` = (SELECT IFNULL(SCHEMA_NAME_ARGUMENT, SCHEMA()))
				AND `TABLE_NAME` = TABLE_NAME_ARGUMENT
				AND `COLUMN_NAME` = COLUMN_NAME_ARGUMENT
				AND `COLUMN_TYPE` LIKE '%int%'
				AND `COLUMN_KEY` = 'PRI';
		SET SQL_EXP = CONCAT('ALTER TABLE `', (SELECT IFNULL(SCHEMA_NAME_ARGUMENT, SCHEMA())), '`.`', TABLE_NAME_ARGUMENT, '` MODIFY COLUMN `', PRIMARY_KEY_COLUMN_NAME, '` ', PRIMARY_KEY_TYPE, ' NOT NULL AUTO_INCREMENT;');
		SET @SQL_EXP = SQL_EXP;
		PREPARE SQL_EXP_EXECUTE FROM @SQL_EXP;
		EXECUTE SQL_EXP_EXECUTE;
		DEALLOCATE PREPARE SQL_EXP_EXECUTE;
	END IF;
END$$

CREATE DEFINER=`db20723`@`%` PROCEDURE `POMELO_BEFORE_DROP_PRIMARY_KEY` (IN `SCHEMA_NAME_ARGUMENT` VARCHAR(255), IN `TABLE_NAME_ARGUMENT` VARCHAR(255))   BEGIN
	DECLARE HAS_AUTO_INCREMENT_ID TINYINT(1);
	DECLARE PRIMARY_KEY_COLUMN_NAME VARCHAR(255);
	DECLARE PRIMARY_KEY_TYPE VARCHAR(255);
	DECLARE SQL_EXP VARCHAR(1000);
	SELECT COUNT(*)
		INTO HAS_AUTO_INCREMENT_ID
		FROM `information_schema`.`COLUMNS`
		WHERE `TABLE_SCHEMA` = (SELECT IFNULL(SCHEMA_NAME_ARGUMENT, SCHEMA()))
			AND `TABLE_NAME` = TABLE_NAME_ARGUMENT
			AND `Extra` = 'auto_increment'
			AND `COLUMN_KEY` = 'PRI'
			LIMIT 1;
	IF HAS_AUTO_INCREMENT_ID THEN
		SELECT `COLUMN_TYPE`
			INTO PRIMARY_KEY_TYPE
			FROM `information_schema`.`COLUMNS`
			WHERE `TABLE_SCHEMA` = (SELECT IFNULL(SCHEMA_NAME_ARGUMENT, SCHEMA()))
				AND `TABLE_NAME` = TABLE_NAME_ARGUMENT
				AND `COLUMN_KEY` = 'PRI'
			LIMIT 1;
		SELECT `COLUMN_NAME`
			INTO PRIMARY_KEY_COLUMN_NAME
			FROM `information_schema`.`COLUMNS`
			WHERE `TABLE_SCHEMA` = (SELECT IFNULL(SCHEMA_NAME_ARGUMENT, SCHEMA()))
				AND `TABLE_NAME` = TABLE_NAME_ARGUMENT
				AND `COLUMN_KEY` = 'PRI'
			LIMIT 1;
		SET SQL_EXP = CONCAT('ALTER TABLE `', (SELECT IFNULL(SCHEMA_NAME_ARGUMENT, SCHEMA())), '`.`', TABLE_NAME_ARGUMENT, '` MODIFY COLUMN `', PRIMARY_KEY_COLUMN_NAME, '` ', PRIMARY_KEY_TYPE, ' NOT NULL;');
		SET @SQL_EXP = SQL_EXP;
		PREPARE SQL_EXP_EXECUTE FROM @SQL_EXP;
		EXECUTE SQL_EXP_EXECUTE;
		DEALLOCATE PREPARE SQL_EXP_EXECUTE;
	END IF;
END$$

DELIMITER ;

-- --------------------------------------------------------

--
-- Table structure for table `ai requirements_compulsory`
--

CREATE TABLE `ai requirements_compulsory` (
  `code` varchar(255) NOT NULL,
  `course_Name_en` longtext DEFAULT NULL,
  `course_Name_ar` longtext DEFAULT NULL,
  `hours` int(11) DEFAULT NULL,
  `prerequest_en` longtext DEFAULT NULL,
  `prerequest_ar` longtext DEFAULT NULL
) ENGINE=InnoDB DEFAULT CHARSET=utf8mb4 COLLATE=utf8mb4_general_ci;

--
-- Dumping data for table `ai requirements_compulsory`
--

INSERT INTO `ai requirements_compulsory` (`code`, `course_Name_en`, `course_Name_ar`, `hours`, `prerequest_en`, `prerequest_ar`) VALUES
('AI 310', 'Artificial Intelligence', 'ุงูุฐูุงุก ุงูุงุตุทูุงุนู', 3, 'Algorithms', 'ุงูุฎูุงุฑุฒููุงุช'),
('AI 320', 'Convex Optimization Theory', 'ูุธุฑูุฉ ุงูุชุญุณูู ุงููุญุฏุจ', 3, 'Mathematics-2', 'ุงูุฑูุงุถูุงุช-2'),
('AI 330', 'Machine Learning', 'ุชุนูู ุงูุขูุฉ', 3, 'Probability and Statistics-2', 'ุงูุงุญุชูุงูุงุช ูุงูุฅุญุตุงุก-2'),
('AI 335', 'Neural Networks & deeplearning', 'ุงูุดุจูุงุช ุงูุนุตุจูุฉ ูุงูุชุนูู ุงูุนููู', 3, 'Machine Learning', 'ุชุนูู ุงูุขูุฉ'),
('AI 360', 'Natural Language Processing', 'ูุนุงูุฌุฉ ุงููุบุฉ ุงูุทุจูุนูุฉ', 3, 'Artificial Intelligence', 'ุงูุฐูุงุก ุงูุงุตุทูุงุนู'),
('AI 370', 'Advanced Machine Learning', 'ุชุนูู ุงูุขูุฉ ุงููุชูุฏู', 3, 'Machine Learning', 'ุชุนูู ุงูุขูุฉ'),
('AI 420', 'Evolutionary Algorithm', 'ุงูุฎูุงุฑุฒููุงุช ุงูุชุทูุฑูุฉ', 3, 'Convex Optimization Theory', 'ูุธุฑูุฉ ุงูุชุญุณูู ุงููุญุฏุจ'),
('AI 430', 'Computational Intelligence', 'ุงูุฐูุงุก ุงูุญุณุงุจู', 3, 'Artificial Intelligence', 'ุงูุฐูุงุก ุงูุงุตุทูุงุนู'),
('AI 460', 'Natural Language Understanding', 'ููู ุงููุบุฉ ุงูุทุจูุนูุฉ', 3, 'Natural Language Processing', 'ูุนุงูุฌุฉ ุงููุบุฉ ุงูุทุจูุนูุฉ'),
('AI 498', 'Project', 'ูุดุฑูุน ุงูุชุฎุฑุฌ', 6, 'Software Engineering-1', 'ููุฏุณุฉ ุงูุจุฑูุฌูุงุช-1'),
('IS 365', 'Big Data Technologies', 'ุชูููุงุช ุงูุจูุงูุงุช ุงูุถุฎูุฉ', 3, 'Database Systems-1', 'ุฃูุธูุฉ ููุงุนุฏ ุงูุจูุงูุงุช-1'),
('IT 441', 'Image processing-1', 'ูุนุงูุฌุฉ ุงูุตูุฑ-1', 3, 'Signals and Systems', 'ุงูุฅุดุงุฑุงุช ูุงูุฃูุธูุฉ');

-- --------------------------------------------------------

--
-- Table structure for table `ai requirements_electives`
--

CREATE TABLE `ai requirements_electives` (
  `code` varchar(255) NOT NULL,
  `course_Name_en` longtext DEFAULT NULL,
  `course_Name_ar` longtext DEFAULT NULL,
  `hours` int(11) DEFAULT NULL,
  `prerequest_en` longtext DEFAULT NULL,
  `prerequest_ar` longtext DEFAULT NULL
) ENGINE=InnoDB DEFAULT CHARSET=utf8mb4 COLLATE=utf8mb4_general_ci;

--
-- Dumping data for table `ai requirements_electives`
--

INSERT INTO `ai requirements_electives` (`code`, `course_Name_en`, `course_Name_ar`, `hours`, `prerequest_en`, `prerequest_ar`) VALUES
('AI 350', 'Data Visualization', 'ุชุตููุฑ ุงูุจูุงูุงุช', 3, 'Probability and Statistics-2', 'ุงูุงุญุชูุงูุงุช ูุงูุฅุญุตุงุก-2'),
('AI 380', 'Human Computer Interaction', 'ุชูุงุนู ุงูุฅูุณุงู ูุงูุญุงุณูุจ', 3, 'Artificial Intelligence', 'ุงูุฐูุงุก ุงูุงุตุทูุงุนู'),
('AI 435', 'Spoken language Processing', 'ูุนุงูุฌุฉ ุงููุบุฉ ุงูููุทููุฉ', 3, 'Natural Language Processing', 'ูุนุงูุฌุฉ ุงููุบุฉ ุงูุทุจูุนูุฉ'),
('AI 457', 'Knowledge representation', 'ุชูุซูู ุงููุนุฑูุฉ', 3, 'Artificial Intelligence', 'ุงูุฐูุงุก ุงูุงุตุทูุงุนู'),
('AI 490', 'Bioinformatics', 'ุงููุนูููุงุชูุฉ ุงูุญูููุฉ', 3, 'Artificial Intelligence', 'ุงูุฐูุงุก ุงูุงุตุทูุงุนู'),
('AI 496', 'Selected Topics in Artificial Intelligence', 'ููุงุถูุน ูุฎุชุงุฑุฉ ูู ุงูุฐูุงุก ุงูุงุตุทูุงุนู', 3, 'Level 4', 'ุงููุณุชูู ุงูุฑุงุจุน'),
('CS 416', 'Advanced Algorithms', 'ุงูุฎูุงุฑุฒููุงุช ุงููุชูุฏูุฉ', 3, 'Algorithms', 'ุงูุฎูุงุฑุฒููุงุช'),
('CS 460', 'Distributed systems and Cloud Computing', 'ุงูุฃูุธูุฉ ุงูููุฒุนุฉ ูุงูุญูุณุจุฉ ุงูุณุญุงุจูุฉ', 3, 'Computers Network-1', 'ุดุจูุงุช ุงูุญุงุณูุจ-1'),
('CS 471', 'Parallel Processing and high Performance Computing', 'ุงููุนุงูุฌุฉ ุงููุชูุงุฒูุฉ ูุงูุญูุณุจุฉ ุนุงููุฉ ุงูุฃุฏุงุก', 3, 'Operating Systems-1', 'ุฃูุธูุฉ ุงูุชุดุบูู-1'),
('CS 480', 'Cryptography', 'ุงูุชุดููุฑ', 3, 'Probability and Statistics-1', 'ุงูุงุญุชูุงูุงุช ูุงูุฅุญุตุงุก-1'),
('IS 312', 'Database Systems-2', 'ุฃูุธูุฉ ููุงุนุฏ ุงูุจูุงูุงุช-2', 3, 'Database Systems-1', 'ุฃูุธูุฉ ููุงุนุฏ ุงูุจูุงูุงุช-1'),
('IS 360', 'Intorduction to Data Science', 'ููุฏูุฉ ูู ุนูู ุงูุจูุงูุงุช', 3, 'Database Systems-2', 'ุฃูุธูุฉ ููุงุนุฏ ุงูุจูุงูุงุช-2'),
('IT 312', 'Microprocessors', 'ุงููุนุงูุฌุงุช ุงูุฏูููุฉ', 3, 'Logic Design', 'ุชุตููู ุงูููุทู'),
('IT 341', 'Digital Signal Processing', 'ูุนุงูุฌุฉ ุงูุฅุดุงุฑุงุช ุงูุฑูููุฉ', 3, 'Discrete Mathematics', 'ุงูุฑูุงุถูุงุช ุงููุชูุทุนุฉ'),
('IT 414', 'Embedded Systems', 'ุงูุฃูุธูุฉ ุงููุถููุฉ', 3, 'Microprocessors', 'ุงููุนุงูุฌุงุช ุงูุฏูููุฉ'),
('IT 415', 'Robotics', 'ุงูุฑูุจูุชุงุช', 3, 'Discrete Mathematics', 'ุงูุฑูุงุถูุงุช ุงููุชูุทุนุฉ'),
('IT 425', 'Embedded Internet of things System', 'ุฃูุธูุฉ ุฅูุชุฑูุช ุงูุฃุดูุงุก ุงููุถููุฉ', 3, 'Embedded Systems', 'ุงูุฃูุธูุฉ ุงููุถููุฉ'),
('IT 443', 'Speech Processing', 'ูุนุงูุฌุฉ ุงูููุงู', 3, 'Signals and Systems', 'ุงูุฅุดุงุฑุงุช ูุงูุฃูุธูุฉ'),
('IT 444', 'Computer Vision', 'ุฑุคูุฉ ุงูุญุงุณูุจ', 3, 'Algorithms', 'ุงูุฎูุงุฑุฒููุงุช');

-- --------------------------------------------------------

--
-- Table structure for table `chathistories`
--

CREATE TABLE `chathistories` (
  `Id` int(11) NOT NULL,
  `Title` longtext DEFAULT NULL,
  `CreatedAt` datetime(6) NOT NULL,
  `StudentId` int(11) DEFAULT NULL
) ENGINE=InnoDB DEFAULT CHARSET=utf8mb4 COLLATE=utf8mb4_general_ci;

--
-- Dumping data for table `chathistories`
--

INSERT INTO `chathistories` (`Id`, `Title`, `CreatedAt`, `StudentId`) VALUES
(1, 'ูุงุฐุง ูุฏุฑุณ ุงูุทุงูุจ ูู ูุณู ุนููู ุงูุญุงุณุจ', '2025-05-29 09:16:09.090878', 1),
(3, 'ูุงุฐุง ูุฏุฑุณ ุงูุทุงูุจ ูู ูุณู ุชูููููุฌูุง ุงููุนูููุงุชุ', '2025-05-29 09:21:55.832529', 1),
(18, 'hi]', '2025-05-30 23:03:17.004269', 2),
(74, 'ุคุคุคุคุคุคุคุคุคุคุคุคุค', '2025-06-05 15:25:47.399510', 2),
(83, 'ffffffff', '2025-06-05 15:47:05.546144', 2),
(85, 'ุงูุญุถูุฑ ุนููู ุฏุฑุฌุงุชุ', '2025-06-05 16:15:00.892901', 2),
(105, 'ุงูููุฑูุถ ุนุดุงู ุงูุฌุญ ู ูุงุฏุฉ ุงุฌูุจ ูุงู', '2025-06-05 18:06:38.907794', 2),
(106, 'ููู', '2025-06-05 18:07:23.223153', 2),
(116, NULL, '2025-06-07 15:08:46.639489', 2),
(117, NULL, '2025-06-07 15:08:53.124333', 2),
(118, NULL, '2025-06-07 15:20:13.792769', 2),
(119, NULL, '2025-06-07 16:11:56.121989', 2),
(120, 'ูู ุบูุงุจุ', '2025-06-07 16:11:56.121997', 2),
(121, NULL, '2025-06-07 17:31:27.614916', 2),
(122, NULL, '2025-06-07 18:02:02.323954', 2),
(123, NULL, '2025-06-07 18:02:03.097545', 2),
(124, NULL, '2025-06-07 18:02:01.980082', 2),
(125, NULL, '2025-06-07 18:02:01.935759', 2),
(126, NULL, '2025-06-07 18:02:02.547165', 2),
(127, NULL, '2025-06-07 18:02:01.936368', 2),
(128, NULL, '2025-06-07 18:02:02.138938', 2),
(129, NULL, '2025-06-07 18:02:16.016956', 2),
(130, NULL, '2025-06-07 18:40:00.884435', 2),
(131, 'ูู ุฏุฑุฌุงุช ุนูู ุงูุบูุงุจุ', '2025-06-07 20:36:17.709089', 2),
(132, 'ูุงู', '2025-06-07 20:40:31.923018', 2),
(133, 'ุงูุญุถูุฑ ุนููู ุบูุงุจุ', '2025-06-08 02:58:37.818544', 2),
(134, NULL, '2025-06-08 03:03:02.370956', 2),
(135, NULL, '2025-06-08 16:42:33.310425', 2),
(136, NULL, '2025-06-08 22:41:28.464346', 2),
(137, NULL, '2025-06-08 22:55:40.885941', 2),
(138, NULL, '2025-06-08 23:03:18.219230', 2),
(139, NULL, '2025-06-08 23:03:24.215612', 2),
(140, NULL, '2025-06-08 23:03:41.647849', 2),
(141, NULL, '2025-06-08 23:04:04.706758', 2),
(142, NULL, '2025-06-08 23:04:14.170794', 2),
(143, NULL, '2025-06-08 23:04:26.550554', 2),
(144, NULL, '2025-06-08 23:17:37.029529', 2),
(145, NULL, '2025-06-08 23:21:40.683667', 2),
(146, NULL, '2025-06-08 23:21:45.232720', 2),
(147, NULL, '2025-06-08 23:22:01.397072', 2),
(148, NULL, '2025-06-08 23:46:58.107075', 2),
(149, NULL, '2025-06-08 23:48:39.233047', 2),
(150, NULL, '2025-06-08 23:55:54.087789', 2),
(151, NULL, '2025-06-09 00:02:58.227158', 2),
(152, NULL, '2025-06-09 00:03:16.947402', 2),
(153, NULL, '2025-06-09 00:12:13.540603', 2),
(154, NULL, '2025-06-09 00:12:19.242691', 2),
(155, NULL, '2025-06-09 00:18:36.431780', 2),
(156, 'ูู ุบูุงุจ ู ุงููููุฉุ', '2025-06-09 17:08:47.434519', 2),
(157, 'hi', '2025-06-09 21:22:58.925455', 2),
(158, 'ุงูู ููุงุฏ ูุณู it', '2025-06-09 21:37:49.147550', 2),
(159, NULL, '2025-06-09 21:44:58.433617', 2),
(160, NULL, '2025-06-09 22:20:39.431316', 2),
(161, NULL, '2025-06-09 22:21:01.231302', 2),
(162, NULL, '2025-06-09 22:24:16.331707', 2),
(163, NULL, '2025-06-09 22:24:52.935931', 2),
(164, 'ุงูู ููุงุฏ ูุณู cs', '2025-06-09 22:29:04.384785', 2),
(165, 'hi', '2025-06-09 22:32:03.683610', 2),
(166, 'hi', '2025-06-09 22:57:15.719153', 1),
(167, 'ุงููุง', '2025-06-09 22:58:22.972243', 1),
(168, NULL, '2025-06-09 22:58:29.501371', 2),
(169, NULL, '2025-06-09 22:58:56.231455', 2),
(170, 'ุงุฒูู ', '2025-06-09 22:59:56.796731', 2),
(171, 'hi', '2025-06-10 09:16:53.697496', 1),
(172, 'ุงุฒูู ', '2025-06-10 19:09:41.970615', 2),
(173, 'Hello', '2025-06-10 19:22:25.611147', 1),
(174, NULL, '2025-06-10 20:26:42.477380', 2),
(175, NULL, '2025-06-10 20:27:27.517951', 2),
(176, 'How are you', '2025-06-10 20:37:07.798093', 1),
(177, NULL, '2025-06-10 20:59:24.818868', 2),
(178, NULL, '2025-06-10 21:56:23.461771', 2),
(179, NULL, '2025-06-10 23:08:41.241144', 2),
(180, 'ูู ุบูุงุจ ู ุงููููุฉ', '2025-06-10 23:09:55.869952', 2),
(181, NULL, '2025-06-10 23:15:51.435507', 2),
(182, 'Hi', '2025-06-10 23:30:48.465711', 1),
(183, 'ุงูุง ุนุงูุฒ ุงุนุฑู ูู ุบูุงุจ ู ุงููููุฉ ููุง ูุง', '2025-06-11 03:00:35.201966', 2),
(184, 'ุงู', '2025-06-11 03:03:56.001880', 2),
(185, 'I want to know if there is an attendence', '2025-06-11 03:05:32.840132', 2),
(186, 'ุงุฒูู', '2025-06-11 03:09:02.253128', 2),
(187, 'ุงููุง ูุนู', '2025-06-11 03:11:49.869494', 2),
(188, 'ุงููุง ูุนู', '2025-06-11 03:18:50.661332', 2),
(189, 'ุงููุง ูุนู', '2025-06-11 03:23:37.953326', 2),
(190, 'i want to know if there is an attedndence', '2025-06-11 03:25:53.345566', 2),
(191, 'ุงููุง ูุนู', '2025-06-11 03:30:20.564237', 2),
(192, 'i want to know if there is attendence ', '2025-06-11 03:32:21.622437', 2),
(193, 'hi', '2025-06-11 11:21:42.912973', 1),
(194, 'ููุนุฏ ุงูุชูุงุก ุงูุงูุชุญุงูุงุช ููุฐุง ุงูุนุงู ', '2025-06-11 15:27:13.090803', 2),
(195, NULL, '2025-06-11 15:42:10.448726', 2);

-- --------------------------------------------------------

--
-- Table structure for table `chathistoriespdf`
--

CREATE TABLE `chathistoriespdf` (
  `Id` int(11) NOT NULL,
  `Title` longtext DEFAULT NULL,
  `CreatedAt` datetime(6) NOT NULL,
  `StudentId` int(11) DEFAULT NULL
) ENGINE=InnoDB DEFAULT CHARSET=utf8mb4 COLLATE=utf8mb4_general_ci;

--
-- Dumping data for table `chathistoriespdf`
--

INSERT INTO `chathistoriespdf` (`Id`, `Title`, `CreatedAt`, `StudentId`) VALUES
(2, 'Solution Structure Explanation', '2025-06-07 04:33:31.818428', 1),
(3, NULL, '2025-06-08 23:53:51.338183', 2),
(4, NULL, '2025-06-08 23:54:22.315719', 2),
(5, NULL, '2025-06-09 01:08:53.784774', 1),
(6, NULL, '2025-06-09 01:12:45.041591', 2),
(7, NULL, '2025-06-09 21:45:07.647915', 2),
(8, 'what is the refferenes at this pdf', '2025-06-09 22:04:16.814435', 2),
(9, NULL, '2025-06-09 22:20:43.498612', 2),
(10, NULL, '2025-06-09 22:24:13.176031', 2),
(11, NULL, '2025-06-09 22:33:37.586587', 2),
(12, NULL, '2025-06-09 22:41:30.655326', 2),
(13, 'OverView', '2025-06-09 22:58:58.017199', 1),
(14, NULL, '2025-06-09 22:59:01.409056', 2),
(15, 'what is this pdf about?', '2025-06-09 23:07:45.338972', 2),
(16, 'What is the overview', '2025-06-10 19:30:19.926459', 1),
(17, NULL, '2025-06-10 20:53:12.473210', 2),
(18, NULL, '2025-06-10 23:10:55.677961', 2),
(19, 'What is the title of this pdf', '2025-06-10 23:15:53.467662', 2),
(20, NULL, '2025-06-10 23:29:12.392315', 1),
(21, 'what is hacking?', '2025-06-11 03:36:02.316732', 2),
(22, NULL, '2025-06-11 03:42:11.130923', 2),
(23, NULL, '2025-06-11 03:44:26.975648', 2),
(24, 'what is hacking', '2025-06-11 03:54:19.550228', 2),
(25, NULL, '2025-06-11 03:57:10.008393', 2),
(26, NULL, '2025-06-11 04:00:26.937662', 2),
(27, 'What is the technologis in used?', '2025-06-11 05:40:14.123315', 1),
(28, 'Inroduction', '2025-06-11 07:08:10.570081', 1),
(29, 'what is hacking?', '2025-06-11 07:45:53.201099', 2),
(30, 'ุงุณูุงุก ุงููุฑูู', '2025-06-11 08:11:28.524075', 1),
(31, 'what is hacking?', '2025-06-11 09:12:22.316964', 2),
(32, 'what is hacking?', '2025-06-11 09:57:35.070748', 2),
(33, 'what is hacking?', '2025-06-11 10:17:42.929468', 2),
(34, 'what is the technologies uesd', '2025-06-11 10:25:52.219891', 1),
(35, 'What is my name', '2025-06-11 11:23:31.011437', 1),
(36, 'what is hacking?', '2025-06-11 18:56:13.208990', 2);

-- --------------------------------------------------------

--
-- Table structure for table `chatmessagepdfs`
--

CREATE TABLE `chatmessagepdfs` (
  `MessageId` int(11) NOT NULL,
  `Question` longtext DEFAULT NULL,
  `Answer` longtext DEFAULT NULL,
  `StudentId` int(11) NOT NULL,
  `CreatedAt` datetime(6) NOT NULL,
  `ChatId` int(11) NOT NULL
) ENGINE=InnoDB DEFAULT CHARSET=utf8mb4 COLLATE=utf8mb4_general_ci;

--
-- Dumping data for table `chatmessagepdfs`
--

INSERT INTO `chatmessagepdfs` (`MessageId`, `Question`, `Answer`, `StudentId`, `CreatedAt`, `ChatId`) VALUES
(1, 'Solution Structure Explanation', 'Exception: The request was canceled due to the configured HttpClient.Timeout of 100 seconds elapsing.', 1, '2025-06-07 04:39:23.989196', 2),
(2, 'OrderBy', 'Exception: The request was canceled due to the configured HttpClient.Timeout of 100 seconds elapsing.', 1, '2025-06-07 04:50:03.923340', 2),
(3, 'Architecture Style', 'Onion Architecture', 1, '2025-06-07 04:55:02.788799', 2),
(4, 'overview', 'Exception: The request was canceled due to the configured HttpClient.Timeout of 100 seconds elapsing.', 1, '2025-06-08 16:39:41.571072', 2),
(5, 'overview', 'Exception: The request was canceled due to the configured HttpClient.Timeout of 100 seconds elapsing.', 1, '2025-06-08 16:41:34.583065', 2),
(6, 'overview', 'Exception: The request was canceled due to the configured HttpClient.Timeout of 100 seconds elapsing.', 1, '2025-06-08 16:46:15.591299', 2),
(7, 'overview', 'enabling students to register, manage their academic courses, and calculate their GPA', 1, '2025-06-08 16:58:52.502984', 2),
(8, 'what is the refferenes at this pdf', 'Exception: The request was canceled due to the configured HttpClient.Timeout of 100 seconds elapsing.', 2, '2025-06-09 22:07:17.285386', 8),
(9, 'summrize this pdf', 'Extracts PDF content, performs semantic search, and generates context-aware answers', 2, '2025-06-09 22:12:21.827639', 8),
(10, 'OverView', 'answers college-related questions', 1, '2025-06-09 22:59:58.946557', 13),
(11, 'what is this pdf about?', 'Exception: The request was canceled due to the configured HttpClient.Timeout of 100 seconds elapsing.', 2, '2025-06-09 23:10:03.774339', 15),
(12, 'what is this pdf about?', 'Exception: The request was canceled due to the configured HttpClient.Timeout of 100 seconds elapsing.', 2, '2025-06-09 23:12:01.016212', 15),
(13, 'What is the overview', 'academic procedures, student responsibilitie s, registration policies, and support services', 1, '2025-06-10 19:31:16.537589', 16),
(14, 'What is the title of this pdf', 'Exception: The request was canceled due to the configured HttpClient.Timeout of 100 seconds elapsing.', 2, '2025-06-10 23:19:24.128519', 19),
(15, 'what is hacking?', 'Exception: The request was canceled due to the configured HttpClient.Timeout of 100 seconds elapsing.', 2, '2025-06-11 03:39:02.631875', 21),
(16, 'what is hacking', 'Exception: The request was canceled due to the configured HttpClient.Timeout of 100 seconds elapsing.', 2, '2025-06-11 03:56:44.333773', 24),
(17, 'What is the technologis in used?', 'Exception: The request was canceled due to the configured HttpClient.Timeout of 100 seconds elapsing.', 1, '2025-06-11 05:42:50.688090', 27),
(18, 'What is the technologis in used?', 'Exception: The request was canceled due to the configured HttpClient.Timeout of 100 seconds elapsing.', 1, '2025-06-11 05:46:58.756484', 27),
(19, 'What is the technologis in used?', 'Exception: The request was canceled due to the configured HttpClient.Timeout of 100 seconds elapsing.', 1, '2025-06-11 06:06:49.923736', 27),
(20, 'Inroduction', 'Exception: The request was canceled due to the configured HttpClient.Timeout of 100 seconds elapsing.', 1, '2025-06-11 07:11:43.014984', 28),
(21, 'what is hacking?', 'Exception: The request was canceled due to the configured HttpClient.Timeout of 100 seconds elapsing.', 2, '2025-06-11 07:50:13.690443', 29),
(22, 'what is hacking?', 'When a computer or network is accessed by an unauthorized source, usually for malicious reasons.', 2, '2025-06-11 07:56:07.446949', 29),
(23, 'what is hacking?', 'When a computer or network is accessed by an unauthorized source, usually for malicious reasons.', 2, '2025-06-11 07:57:56.027659', 29),
(24, 'what is the need for ethical hacking?', 'Session hijacking', 2, '2025-06-11 07:58:25.617838', 29),
(25, 'what is Confidentiality?', 'You must safeguard the information that you have and know. It becomes your responsibility to ensure that the information does not fall into the wrong hands. You can protect the information with appropriate permissions and encryption. If these are not applied, there are chances of disclosure, which allows an unauthorized person to access the information.', 2, '2025-06-11 07:59:51.832538', 29),
(26, 'what is the need for ethical hacking?', 'Task 2 - The Need for Ethical Hacking All systems on the internet are considered to be at risk. To be able to protect the systems of your organizations, you must know the methods used by the hackers, and the steps that you can take to prevent their attacks. Task 4 - The Ethical Aspect of Ethical Hacking An ethical hacker must follow professional principles and the code of ethics. Task 5 - Types of Threat Actors As an ethical hacker, you must know about different types of threat actors, who are any entity behind a threat, which is a potential danger to an asset.', 2, '2025-06-11 08:01:48.930615', 29),
(27, 'what is hacking?', 'Exception: The request was canceled due to the configured HttpClient.Timeout of 100 seconds elapsing.', 2, '2025-06-11 08:16:37.586149', 29),
(28, 'ุงุณูุงุก ุงููุฑูู', 'Exception: The request was canceled due to the configured HttpClient.Timeout of 100 seconds elapsing.', 1, '2025-06-11 08:16:36.941922', 30),
(29, 'what is hacking?', 'Exception: The request was canceled due to the configured HttpClient.Timeout of 100 seconds elapsing.', 2, '2025-06-11 08:26:21.432101', 29),
(30, 'what is hacking?', 'Exception: The request was canceled due to the configured HttpClient.Timeout of 100 seconds elapsing.', 2, '2025-06-11 08:40:42.557851', 29),
(31, 'what is hacking?', 'The fundamental difference between hacking and ethical hacking is permissions. Hacking is when a computer or network is accessed by an unauthorized source, usually for malicious reasons. Ethical hacking is permitted by a person or an organization.', 2, '2025-06-11 08:47:24.036417', 29),
(32, 'what is confidentiality?', 'Network.', 2, '2025-06-11 08:48:20.334474', 29),
(33, 'what is confidentiality?', 'Network.', 2, '2025-06-11 08:48:49.751349', 29),
(34, 'what is integrity?', 'This lab is designed to prepare you for the Certified Ethical Hacker v10 exam.', 2, '2025-06-11 08:49:29.348777', 29),
(35, 'how can a hacker cover his tracks?', 'An insider threat. An insider threat is an insider threat.', 2, '2025-06-11 08:50:23.941016', 29),
(36, 'ุงุณูุงุก ุงููุฑูู', 'API Error: InternalServerError', 1, '2025-06-11 08:54:55.092999', 30),
(37, 'what is this pdf about?', 'Black Box White Box Black Box', 2, '2025-06-11 08:57:35.420657', 29),
(38, 'what is hacking?', 'Exception: The request was canceled due to the configured HttpClient.Timeout of 100 seconds elapsing.', 2, '2025-06-11 09:01:17.351401', 29),
(39, 'what is hacking?', 'Exception: The request was canceled due to the configured HttpClient.Timeout of 100 seconds elapsing.', 2, '2025-06-11 09:08:56.192884', 29),
(40, 'what is hacking?', 'Exception: The request was canceled due to the configured HttpClient.Timeout of 100 seconds elapsing.', 2, '2025-06-11 09:14:58.474648', 31),
(41, 'what is hacking?', 'when a computer or network is accessed by an unauthorized source, usually for malicious reasons.', 2, '2025-06-11 09:19:47.895121', 31),
(42, 'what is confidentiality?', 'Exception: The request was canceled due to the configured HttpClient.Timeout of 100 seconds elapsing.', 2, '2025-06-11 09:21:51.687972', 31),
(43, 'what is the need for ethical hacking?', 'Exception: The request was canceled due to the configured HttpClient.Timeout of 100 seconds elapsing.', 2, '2025-06-11 09:23:59.663085', 31),
(44, 'what is hacking?', 'Exception: The request was canceled due to the configured HttpClient.Timeout of 100 seconds elapsing.', 2, '2025-06-11 09:32:46.755967', 31),
(45, 'overview', 'Exception: The request was canceled due to the configured HttpClient.Timeout of 100 seconds elapsing.', 1, '2025-06-11 09:53:55.358825', 30),
(46, 'what is hacking?', 'Exception: The request was canceled due to the configured HttpClient.Timeout of 100 seconds elapsing.', 2, '2025-06-11 10:00:25.579848', 32),
(47, 'what is hacking?', 'when a computer or network is accessed by an unauthorized source, usually for malicious reasons.', 2, '2025-06-11 10:19:08.778287', 33),
(48, 'what is confidentiality?', 'You must safeguard the information that you have and know. It becomes your responsibility to ensure that the information does not fall into the wrong hands. You can protect the information with appropriate permissions and encryption. If these are not applied, there are chances of disclosure, which allows an unauthorized person to access the information.', 2, '2025-06-11 10:20:44.242845', 33),
(49, 'overview', 'ูู ูุชู ุงูุนุซูุฑ ุนูู ุฅุฌุงุจุฉ ูู ุงูุฑุฏ.', 1, '2025-06-11 10:23:38.487136', 30),
(50, 'structure', 'ูู ูุชู ุงูุนุซูุฑ ุนูู ุฅุฌุงุจุฉ ูู ุงูุฑุฏ.', 1, '2025-06-11 10:24:44.613993', 30),
(51, 'what is the technologies uesd', '.NET, ASP.NET Core, and LINQ', 1, '2025-06-11 10:27:18.089801', 34),
(52, 'what is your name', 'Abdullah Mahmoud Abdel Mohsen', 1, '2025-06-11 10:28:24.349725', 34),
(53, 'What is my name', 'Abdullah Mahmoud Abdel Mohsen', 1, '2025-06-11 11:24:08.948472', 35),
(54, 'What is the technology used', 'LINQ', 1, '2025-06-11 11:24:44.233194', 35),
(55, 'what is hacking?', 'when a computer or network is accessed by an unauthorized source, usually for malicious reasons.', 2, '2025-06-11 18:58:53.994996', 36);

-- --------------------------------------------------------

--
-- Table structure for table `chatmessages`
--

CREATE TABLE `chatmessages` (
  `Id` int(11) NOT NULL,
  `Question` longtext DEFAULT NULL,
  `Answer` longtext DEFAULT NULL,
  `CreatedAt` datetime(6) NOT NULL,
  `StudentId` int(11) DEFAULT NULL,
  `ChatHistoryId` int(11) DEFAULT NULL
) ENGINE=InnoDB DEFAULT CHARSET=utf8mb4 COLLATE=utf8mb4_general_ci;

--
-- Dumping data for table `chatmessages`
--

INSERT INTO `chatmessages` (`Id`, `Question`, `Answer`, `CreatedAt`, `StudentId`, `ChatHistoryId`) VALUES
(66, 'ูุงุฐุง ูุฏุฑุณ ุงูุทุงูุจ ูู ูุณู ุชูููููุฌูุง ุงููุนูููุงุชุ', 'ูุฏุฑุณ ุงูุทุงูุจ ูู ูุณู ุชูููููุฌูุง ุงููุนูููุงุช ูุฌุงูุงุช ูุชููุนุฉ ูุซู ุดุจูุงุช ุงูุญุงุณุจุงุชุ ูุดุจูุงุช ุงููุนูููุงุช ูุชุทุจููุงุชูุงุ ูุชูููููุฌูุง ุงูุงุชุตุงูุงุชุ ูุชูููููุฌูุง ุงูุฅูุชุฑูุชุ ูุฃูู ูุณุฑูุฉ ุงููุนูููุงุช ูุงูุดุจูุงุชุ ูุงูุชุนุฑู ุนูู ุงูุฃููุงุทุ ููุนุงูุฌุฉ ุงูุฅุดุงุฑุงุช ุงูุฑูููุฉุ ูุงูุชุนุฑู ุนูู ุงูููุงู ูุชูููุฏูุ ููุนุงูุฌุฉ ุงูุตูุฑ ูุงูุชุนุฑู ุนูููุง.', '2025-05-29 09:43:36.973102', 1, 3),
(67, 'ูุงุฐุง ูุฏุฑุณ ุงูุทุงูุจ ูู ูุณู ุชูููููุฌูุง ุงููุนูููุงุชุ', 'ูุฏุฑุณ ุงูุทุงูุจ ูู ูุณู ุชูููููุฌูุง ุงููุนูููุงุช ูุฌุงูุงุช ูุชููุนุฉ ูุซู ุดุจูุงุช ุงูุญุงุณุจุงุชุ ูุดุจูุงุช ุงููุนูููุงุช ูุชุทุจููุงุชูุงุ ูุชูููููุฌูุง ุงูุงุชุตุงูุงุชุ ูุชูููููุฌูุง ุงูุฅูุชุฑูุชุ ูุฃูู ูุณุฑูุฉ ุงููุนูููุงุช ูุงูุดุจูุงุชุ ูุงูุชุนุฑู ุนูู ุงูุฃููุงุทุ ููุนุงูุฌุฉ ุงูุฅุดุงุฑุงุช ุงูุฑูููุฉุ ูุงูุชุนุฑู ุนูู ุงูููุงู ูุชูููุฏูุ ููุนุงูุฌุฉ ุงูุตูุฑ ูุงูุชุนุฑู ุนูููุง.', '2025-05-29 09:53:18.374478', 1, 3),
(68, 'ูุงุฐุง ูุฏุฑุณ ุงูุทุงูุจ ูู ูุณู ุนููู ุงูุญุงุณุจ', 'ุชุดูู ุงูููุฑุฑุงุช ุงูุฅุฌุจุงุฑูุฉ ุชุนูู ุงูุขูุฉุ ูุชูุธูู ุงูุญุงุณูุจุ ูุงูุฑุณููุงุช ุจุงูุญุงุณูุจ 1ุ ูููุฏุณุฉ ุงูุจุฑูุฌูุงุช 2ุ ูุงููุนุงูุฌุฉ ุงููุชูุงุฒูุฉ ูุงูุญูุณุจุฉ ุนุงููุฉ ุงูุฃุฏุงุกุ ูุงูุฐูุงุก ุงูุงุตุทูุงุนูุ ูุงููุชุฑุฌูุงุชุ ููุธุฑูุฉ ุงูุญูุณุจุฉุ ูุฃูุธูุฉ ุงูุชุดุบูู 2ุ ูุงูุฃูุธูุฉ ุงูููุฒุนุฉ ูุงูุญูุณุจุฉ ุงูุณุญุงุจูุฉุ ูุฃูู ุงููุนูููุงุช ูุดุจูุงุช ุงูุญุงุณูุจุ ููุดุฑูุน ุงูุชุฎุฑุฌ.', '2025-05-29 09:54:00.293568', 1, 3),
(69, 'ูุงุฐุง ูุฏุฑุณ ุงูุทุงูุจ ูู ูุณู ุนููู ุงูุญุงุณุจ', 'ุชุดูู ุงูููุฑุฑุงุช ุงูุฅุฌุจุงุฑูุฉ ูู ูุณู ุนููู ุงูุญุงุณุจ ุชุนูู ุงูุขูุฉุ ูุชูุธูู ุงูุญุงุณูุจุ ูุงูุฑุณููุงุช ุจุงูุญุงุณูุจ 1ุ ูููุฏุณุฉ ุงูุจุฑูุฌูุงุช 2ุ ูุงููุนุงูุฌุฉ ุงููุชูุงุฒูุฉ ูุงูุญูุณุจุฉ ุนุงููุฉ ุงูุฃุฏุงุกุ ูุงูุฐูุงุก ุงูุงุตุทูุงุนูุ ูุงููุชุฑุฌูุงุชุ ููุธุฑูุฉ ุงูุญูุณุจุฉุ ูุฃูุธูุฉ ุงูุชุดุบูู 2ุ ูุงูุฃูุธูุฉ ุงูููุฒุนุฉ ูุงูุญูุณุจุฉ ุงูุณุญุงุจูุฉุ ูุฃูู ุงููุนูููุงุช ูุดุจูุงุช ุงูุญุงุณูุจุ ููุดุฑูุน ุงูุชุฎุฑุฌ.', '2025-05-29 09:56:27.753483', 1, 1),
(70, 'hi]', 'ูุง ุชูุฌุฏ ุฅุฌุงุจุฉ ูุชููุฑุฉ.', '2025-05-30 23:03:46.090288', 2, 18),
(71, 'ูู ูู ุบูุงุจ ูู ุงููููุฉุ', 'ุงููููุฉ ุชุณูุญ ุจูุณุจุฉ ุบูุงุจ ูุญุฏุฏุฉ ููู ููุฑุฑ ุฏุฑุงุณูุ ููู ุญุงูุฉ ุชุฌุงูุฒ ูุฐู ุงููุณุจุฉุ ูุฏ ูุชู ุญุฑูุงู ุงูุทุงูุจ ูู ุงูุชูุฏู ููุงูุชุญุงู ุงูููุงุฆู.', '2025-05-30 23:04:17.304292', 2, 18),
(72, 'ุคุคุคุคุคุคุคุคุคุคุคุคุค', 'ูุง ุชูุฌุฏ ุฅุฌุงุจุฉ ูุชููุฑุฉ.', '2025-06-05 15:26:55.501999', 2, 74),
(73, 'ffffffff', 'ูุง ุชูุฌุฏ ุฅุฌุงุจุฉ ูุชููุฑุฉ.', '2025-06-05 16:14:44.948588', 2, 83),
(74, 'ุงูุญุถูุฑ ุนููู ุฏุฑุฌุงุชุ', 'ูุง ุชูุฌุฏ ุฅุฌุงุจุฉ ูุชููุฑุฉ.', '2025-06-05 16:17:50.087898', 2, 85),
(75, 'ููู ุบูุงุจ ูู ุงููููุฉุ', 'ุงููููุฉ ุชุณูุญ ุจูุณุจุฉ ุบูุงุจ ูุญุฏุฏุฉ ููู ููุฑุฑ ุฏุฑุงุณูุ ููู ุญุงูุฉ ุชุฌุงูุฒ ูุฐู ุงููุณุจุฉุ ูุฏ ูุชู ุญุฑูุงู ุงูุทุงูุจ ูู ุงูุชูุฏู ููุงูุชุญุงู ุงูููุงุฆู.', '2025-06-05 16:18:07.560904', 2, 85),
(76, 'ุงุนูุงู ุงูุณูุฉ ูู ูุงู', 'ูุง ุชูุฌุฏ ุฅุฌุงุจุฉ ูุชููุฑุฉ.', '2025-06-05 16:18:28.799792', 2, 85),
(77, 'ุฏุฑุฌุฉ ูู ูุงุฏุฉ ูู ูุงู', 'ูุง ุชูุฌุฏ ุฅุฌุงุจุฉ ูุชููุฑุฉ.', '2025-06-05 16:18:51.693648', 2, 85),
(78, 'ุงูู ุชุฎุตุตุงุช ุงููููุฉ', 'ุงูุชุฎุตุตุงุช ุงูุฑุฆูุณูุฉ ุชุดูู: ุนููู ุงูุญุงุณุจุ ุชูููููุฌูุง ุงููุนูููุงุชุ ูุธู ุงููุนูููุงุชุ ุงูุฐูุงุก ุงูุงุตุทูุงุนูุ ููุฏุณุฉ ุงูุจุฑูุฌูุงุชุ ูุงููุนูููุงุชูุฉ ุงูุทุจูุฉ.', '2025-06-05 16:19:13.516431', 2, 85),
(79, 'ูุงุดู', 'ูุง ุชูุฌุฏ ุฅุฌุงุจุฉ ูุชููุฑุฉ.', '2025-06-05 18:06:32.875853', 2, 85),
(80, 'ุงูููุฑูุถ ุนุดุงู ุงูุฌุญ ู ูุงุฏุฉ ุงุฌูุจ ูุงู', 'ูุชุทูุจ ุฏุฎูู ุงูุทุงูุจ ุงูุงูุชุญุงู ุงูููุงุฆู ุชุญููู ูุณุจุฉ ุญุถูุฑ ูุง ุชูู ุนู 75% ูู ุงููุญุงุถุฑุงุช ูู ูู ููุฑุฑ.', '2025-06-05 18:07:08.067588', 2, 105),
(81, 'ููู', 'ูุง ุชูุฌุฏ ุฅุฌุงุจุฉ ูุชููุฑุฉ.', '2025-06-05 18:07:50.131225', 2, 106),
(84, 'ูู ุบูุงุจุ', 'ูู ุญุงูุฉ ุงูุบูุงุจ ุนู ุงููุญุงุถุฑุงุชุ ูุฌุจ ุนูู ุงูุทุงูุจ ุชูุฏูู ุนุฐุฑ ููุจูู ูุฅุฏุงุฑุฉ ุงููููุฉุ ูุฅุฐุง ุชุฌุงูุฒ ุงูุบูุงุจ ุงููุณุจุฉ ุงููุณููุญ ุจูุงุ ูุฏ ูุชู ุญุฑูุงู ุงูุทุงูุจ ูู ุงูุชูุฏู ููุงูุชุญุงู ุงูููุงุฆู.', '2025-06-07 16:58:51.410430', 2, 120),
(85, 'ูู ุฏุฑุฌุงุช ุนูู ุงูุบูุงุจุ', 'ุงููููุฉ ุชุณูุญ ุจูุณุจุฉ ุบูุงุจ ูุญุฏุฏุฉ ููู ููุฑุฑ ุฏุฑุงุณูุ ููู ุญุงูุฉ ุชุฌุงูุฒ ูุฐู ุงููุณุจุฉุ ูุฏ ูุชู ุญุฑูุงู ุงูุทุงูุจ ูู ุงูุชูุฏู ููุงูุชุญุงู ุงูููุงุฆู.', '2025-06-07 20:36:38.797277', 2, 131),
(86, 'ูุงู', 'ูุง ุชูุฌุฏ ุฅุฌุงุจุฉ ูุชููุฑุฉ.', '2025-06-07 20:40:41.032751', 2, 132),
(87, 'ุนุงูู ุงูู ุงููุงุฑุฏู', 'ูุง ุชูุฌุฏ ุฅุฌุงุจุฉ ูุชููุฑุฉ.', '2025-06-07 20:40:48.935002', 2, 132),
(88, 'ุงูู ููุงุฏ ูุณู cs', 'ุงููุนูููุงุช ุงููุชุงุญุฉ ุชุดูู ุงูููุฑุฑุงุช ุงูุฅุฌุจุงุฑูุฉ ูุซู ุชุทุจููุงุช ุงูุฅูุชุฑูุชุ ูุธู ููุงุนุฏ ุงูุจูุงูุงุช 2ุ ุชุฎุฒูู ูุงุณุชุฑุฌุงุน ุงูุจูุงูุงุชุ ุชุญููู ูุชุตููู ูุธู ุงููุนูููุงุช 2ุ ุฃูู ูุธู ุงููุนูููุงุชุ ูุธู ุฏุนู ุงููุฑุงุฑุ ูุธู ุงููุนูููุงุช ุงูุฅุฏุงุฑูุฉุ ุฐูุงุก ุงูุฃุนูุงู ูุชุญููู ุงูุจูุงูุงุชุ ุชูููููุฌูุง ุงูุจูุงูุงุช ุงููุจูุฑุฉุ ููุฏูุฉ ูู ุนูู ุงูุจูุงูุงุชุ ุฅุฏุงุฑุฉ ููุงุนุฏ ุงููุนุฑูุฉุ ููุดุฑูุน ุงูุชุฎุฑุฌ.', '2025-06-07 20:41:04.065883', 2, 132),
(89, 'ุงูู ุงูููุงุฏ ุงูุงุฎุชูุงุฑูุฉ ', 'ูููู ููุทูุงุจ ุงูุชุณุฌูู ูู ุงูููุงุฏ ุงูุงุฎุชูุงุฑูุฉ ูู ุฎูุงู ุงููุธุงู ุงูุฅููุชุฑููู ุฎูุงู ุงููุชุฑุฉ ุงููุญุฏุฏุฉ.', '2025-06-07 20:41:20.202288', 2, 132),
(90, 'ุงูุญุถูุฑ ุนููู ุบูุงุจุ', 'ูู ุญุงูุฉ ุงูุบูุงุจ ุนู ุงููุญุงุถุฑุงุชุ ูุฌุจ ุนูู ุงูุทุงูุจ ุชูุฏูู ุนุฐุฑ ููุจูู ูุฅุฏุงุฑุฉ ุงููููุฉุ ูุฅุฐุง ุชุฌุงูุฒ ุงูุบูุงุจ ุงููุณุจุฉ ุงููุณููุญ ุจูุงุ ูุฏ ูุชู ุญุฑูุงู ุงูุทุงูุจ ูู ุงูุชูุฏู ููุงูุชุญุงู ุงูููุงุฆู.', '2025-06-08 02:59:31.535030', 2, 133),
(91, 'ุงูู ูู ูุณุจุฉ ุงูุบูุงุจ ุงููู ุงูุฏุฑ ุงุบูุจูุง', 'ูุฌุจ ุฃูุง ุชูู ูุณุจุฉ ุญุถูุฑู ุนู 75% ูู ุงููุญุงุถุฑุงุช ูู ูู ููุฑุฑุ ูุฅุฐุง ุชุฌุงูุฒุช ูุณุจุฉ ุบูุงุจู 25% ุจุฏูู ุนุฐุฑ ููุจููุ ูุฏ ุชูุญุฑู ูู ุฏุฎูู ุงูุงูุชุญุงู ุงูููุงุฆู.', '2025-06-08 02:59:59.775795', 2, 133),
(92, 'hhh', 'ูุง ุชูุฌุฏ ุฅุฌุงุจุฉ ูุชููุฑุฉ.', '2025-06-08 17:37:01.387055', 2, 18),
(93, 'ุงูู ุงูุณุงู ุงููููุฉ', 'ุชุถู ุงููููุฉ 4 ุฃูุณุงู ุฑุฆูุณูุฉ: ูุณู ุนููู ุงูุญุงุณุจุ ูุณู ุชูููููุฌูุง ุงููุนูููุงุชุ ูุณู ูุธู ุงููุนูููุงุชุ ููุณู ุงูุฐูุงุก ุงูุงุตุทูุงุนู.', '2025-06-08 18:02:12.885005', 2, 18),
(94, 'ูู ุบูุงุจ ู ุงููููุฉุ', 'ูุฑุญุจูุง! ๐\nุงููููุฉ ุชุณูุญ ุจูุณุจุฉ ุบูุงุจ ูุญุฏุฏุฉ ููู ููุฑุฑ ุฏุฑุงุณู. ุฅุฐุง ุชุฌุงูุฒุช ูุฐู ุงููุณุจุฉุ ูุฏ ุชูุญุฑู ูู ุฏุฎูู ุงูุงูุชุญุงู ุงูููุงุฆู. ูุฌุจ ุนููู ุชูุฏูู ุนุฐุฑ ููุจูู ูููููุฉ ูู ุญุงูุฉ ุงูุบูุงุจ. ุชุฐูุฑ ุฃู ูุณุจุฉ ุงูุญุถูุฑ ูุฌุจ ุฃูุง ุชูู ุนู 75% ูู ูู ููุฑุฑ.', '2025-06-09 17:09:13.579474', 2, 156),
(95, 'hi', 'Hello! ๐\nูุฑุญุจุงู! ููู ูููููู ูุณุงุนุฏุชู ุงููููุ ูู ูุฏูู ุฃู ุฃุณุฆูุฉ ุญูู ุงููููุฉ ุฃู ุงูููุฑุฑุงุช ุงูุฏุฑุงุณูุฉุ', '2025-06-09 21:23:10.349706', 2, 157),
(96, 'how are u', 'Hello! ๐\nI\'m doing well, thank you for asking! How can I help you today?', '2025-06-09 21:23:26.765757', 2, 157),
(97, 'there is an attendenve?', 'Hello! ๐\nYes, students must achieve an attendance rate of at least 75% in each course. If you are absent, you must provide an acceptable excuse to the college administration. If your absence exceeds the permissible percentage, you may be deprived of applying for the final exam.', '2025-06-09 21:24:20.053405', 2, 157),
(98, 'what is the core courses at cs department', 'Hello! ๐\nThe core courses in the CS department are:\n\n*   Data structures (CS 214) - 3 credit hours\n*   Algorizia (CS 316) - 3 credit hours\n*   Database Systems 1 (IS 211) - 3 credit hours\n*   Systems Analysis and Design 1 (I 351) - 3 credit hours\n*   Computer Networks 1 (IT 222) - 3 credit hours\n*   Operating systems 1 (CS 241) - 3 credit hours\n*   Software Engineering 1 (CS 251) - 3 credit hours\n*   Programming 2 (CS 213) - 3 credit hours\n*   Learn the machine (AI 330) - 3 credit hours\n*   Computer Organization (CS 322) - 3 credit hours\n*   Computer Apartments 1 (IT 331) - 3 credit hours\n*   Software Engineering 2 (CS 352) - 3 credit hours\n*   Parallel treatment and high-performance computing (CS 471) - 3 credit hours\n*   Artificial Intelligence (AI 310) - 3 credit hours\n*   Translations (CS 419) - 3 credit hours\n*   Computing theory (CS 405) - 3 credit hours\n*   Operating Systems 2 (CS 342) - 3 credit hours\n*   Distributed systems and cloud computing (CS 460) - 3 credit hours\n*   Information security and computer networks (IT 423) - 3 credit hours\n*   Graduation Project (CS 498) - 6 credit hours', '2025-06-09 21:30:03.300467', 2, 157),
(99, 'what about rhe electives ', 'Hello! ๐\nThe elective courses include:\n\n*   Possibilities and Statistics 2 (S -122) - 3 credit hours\n*   The Basics of Management (HU 122) - 3 credit hours\n*   Project Management (IS 321) - 3 credit hours\n*   Signs and Systems (IT 241) - 3 credit hours\n*   Modeling and simulation (IS 241) - 3 credit hours\n*   Simulation languages โโ(IS 342) - 3 credit hours\n*   Computer Maintenance (IT 211) - 3 credit hours\n*   Programming 3 (CS 313) - 3 credit hours\n*   Economy Basics (HU 121) - 3 credit hours\n*   English 3 (HU 213) - 3 credit hours\n*   The Basics of Accounting (HU 323) - 3 credit hours\n*   Communication and negotiation skills (HU 331) - 3 credit hours\n*   Creative thinking (HU 332) - 3 credit hours\n*   Media (HU 333) - 3 credit hours\n*   Professional ethics (HU 334) - 3 credit hours\n\nAlso, the student can choose an optional course from at least three courses, including:\n\n1.  A public decision (such as Arabic or English).\n2.  A course that serves specialization (such as computer skills).\n3.  A course related to personal or academic development.', '2025-06-09 21:31:03.625342', 2, 157),
(100, 'i mean the elective of cs department', 'Hello! ๐\nThe elective courses for the CS Department include:\n\n*   Database systems 2 (IS 312) - 3 credit hours\n*   Information and programming systems quality (IS 434) - 3 credit hours\n*   Computer Vision (IT 444) - 3 credit hours\n*   Multimedia (IT 433) - 3 credit hours\n*   Learn about patterns (IT 342) - 3 credit hours\n*   Selected topics in computer science (CS 496) - 3 credit hours\n*   Microelled (IT 312) - 3 credit hours\n*   Criphyth (CS 480) - 3 credit hours\n*   Parallel treatment and high performance computing (CS 471) - 3 credit hours\n*   Distributed systems and cloud computing (CS 460) - 3 credit hours\n*   Integrated systems (IT 414) - 3 credit hours\n*   Advanced algorithms (CS 416) - 3 credit hours\n*   Digital signals (IT 341) - 3 credit hours\n*   The interaction between man and computers (AI 380) - 3 credit hours\n*   Biomatic information (AI 490) - 3 credit hours\n*   Speech therapy (IT 443) - 3 credit hours\n*   Data warehouses (IS 422) - 3 credit hours\n*   Databases distributed (IS 416) - 3 credit hours\n*   Geographical Information Systems (IS 443) - 3 credit hours\n*   Multimedia information systems (IS 444) - 3 credit hours\n*   Computer and information network security (IT 423) - 3 credit hours\n*   Software test and integration (IS 450) - 3 credit hours\n*   Software quality guarantee and test (IS 455) - 3 credit hours\n*   Introduction to deep learning (IS 460) - 3 credit hours\n*   Selected topics in Information Systems (IS 496) - 3 credit hours', '2025-06-09 21:31:37.492932', 2, 157),
(101, 'ุงูู ููุงุฏ ูุณู it', 'Hello! ๐\nูุฑุญุจุงู! ููุญุตูู ุนูู ูุนูููุงุช ุญูู ููุงุฏ ูุณู ุชูููููุฌูุง ุงููุนูููุงุช (IT)ุ ูุฑุฌู ุชุญุฏูุฏ ูุง ุฅุฐุง ููุช ุชูุตุฏ ุงูููุงุฏ ุงูุฅุฌุจุงุฑูุฉ ุฃู ุงูุงุฎุชูุงุฑูุฉ.', '2025-06-09 21:38:20.442210', 2, 158),
(102, 'ุงูุงุฌุจุงุฑู', 'ูุฑุญุจูุง! ๐\nุงูููุฑุฑุงุช ุงูุฅุฌุจุงุฑูุฉ ูู ูุณู ุชูููููุฌูุง ุงููุนูููุงุช (IT) ุชุดูู:\n\n1.  ุงููุบุฉ ุงูุฅูุฌููุฒูุฉ 1 (HU 111) - ุณุงุนุชุงู ูุนุชูุฏุชุงู.\n2.  ุงููุบุฉ ุงูุฅูุฌููุฒูุฉ 2 (HU 112) - ุณุงุนุชุงู ูุนุชูุฏุชุงู.\n3.  ุญููู ุงูุฅูุณุงู (HU 313) - ุณุงุนุชุงู ูุนุชูุฏุชุงู.\n4.  ุนูุงุฑุฉ ุงูุญุงุณูุจ (IT 311) - 3 ุณุงุนุงุช ูุนุชูุฏุฉ.\n5.  ุชูููููุฌูุง ุงูุงุชุตุงูุงุช (IT 321) - 3 ุณุงุนุงุช ูุนุชูุฏุฉ.\n6.  ุดุจูุงุช ุงูุญุงุณูุจ 2 (IT 322) - 3 ุณุงุนุงุช ูุนุชูุฏุฉ.\n7.  ุงูุฑุณููุงุช ุจุงูุญุงุณูุจ 1 (IT 331) - 3 ุณุงุนุงุช ูุนุชูุฏุฉ.\n8.  ูุนุงูุฌุฉ ุงูุฅุดุงุฑุงุช ุงูุฑูููุฉ (IT 341) - 3 ุณุงุนุงุช ูุนุชูุฏุฉ.\n9.  ุงูุชุนุฑู ุนูู ุงูุฃููุงุท (IT 342) - 3 ุณุงุนุงุช ูุนุชูุฏุฉ.\n10. ุงููุณุงุฆุท ุงููุชุนุฏุฏุฉ (IT 433) - 3 ุณุงุนุงุช ูุนุชูุฏุฉ.\n11. ูุนุงูุฌุฉ ุงูุตูุฑ 1 (IT 441) - 3 ุณุงุนุงุช ูุนุชูุฏุฉ.\n12. ุงูุฐูุงุก ุงูุงุตุทูุงุนู (AI 310) - 3 ุณุงุนุงุช ูุนุชูุฏุฉ.\n13. ุงูุฑุคูุฉ ุจุงูุญุงุณูุจ (IT 444) - 3 ุณุงุนุงุช ูุนุชูุฏุฉ.\n14. ุฃูู ุดุจูุงุช ุงูุญุงุณูุจ ูุงููุนูููุงุช (IT 423) - 3 ุณุงุนุงุช ูุนุชูุฏุฉ.\n15. ูุดุฑูุน ุงูุชุฎุฑุฌ (IT 498) - 6 ุณุงุนุงุช ูุนุชูุฏุฉ.', '2025-06-09 21:39:26.605110', 2, 158),
(103, 'ุงูู', 'ูุฑุญุจูุง! ๐\nูู ุชูุตุฏ ููุฑุฑ Electronics I (IT 111)ุ ูู ููุฑุฑ ุนุงูุ ูุนุฏุฏ ุณุงุนุงุชู ุงููุนุชูุฏุฉ ูู 3 ุณุงุนุงุช. ูุดูู ุงูููุฑุฑ ููุฏูุฉ ุนู ุงูุฅููุชุฑูููุงุชุ ุงูุนูุงุฒูุ ุงูููุตูุงุชุ ุฃุดุจุงู ุงูููุตูุงุชุ ุงูููุงููุงุชุ ุงูููุซูุงุชุ ุงููููุงุชุ ุงูุซูุงุฆูุงุชุ ุชุทุจููุงุช ุงูุซูุงุฆูุงุชุ ุงูููููุงุชุ ูุตุงุฏุฑ ุงูุทุงูุฉุ ุงูุซูุงุฆูุงุช ุงูุจุงุนุซุฉ ููุถูุกุ ููุธูุงุช ุงูุฌูุฏุ ุงูุชุฑุงูุฒุณุชูุฑุงุชุ ุงููุถุฎูุงุชุ ุงููุคูุชุงุชุ ูุชุทุจููุงุชูุง.', '2025-06-09 21:44:34.369821', 2, 158),
(104, 'ุงุฒูู', 'Hello! ๐\nูุฑุญุจุงู! ๐ ุฃูุง ุจุฎูุฑุ ุดูุฑุงู ูุณุคุงูู. ููู ูููููู ูุณุงุนุฏุชู ุงููููุ', '2025-06-09 21:44:43.473114', 2, 158),
(105, 'ุงูู ููุงุฏ ูุณู cs', 'ููุงุฏ ูุณู ุนููู ุงูุญุงุณุจ (CS) ุชุฑูุฒ ุนูู ุนููู ุงูุญุงุณุจ ุงููุธุฑูุฉ ูุงูุจุฑูุฌุฉ.', '2025-06-09 22:29:25.149035', 2, 164),
(106, 'ุทุจ ูููู ุงุณุงูููู', 'ูู ูุชู ุชุญุฏูุฏ ุฃุณูุงุก ููุงุฏ ูุณู ุนููู ุงูุญุงุณุจ (CS) ูู ูุงุนุฏุฉ ุงูุจูุงูุงุช ุงููุชููุฑุฉ.', '2025-06-09 22:30:02.513698', 2, 164),
(107, 'ุทุจ ููุงุฏ ูุณู is', 'ุงููุนูููุงุช ุงููุชููุฑุฉ ุชุชุถูู ููุฑุฑ Electronics I (IT 111) ููู ููุฑุฑ ุนุงูุ ุจุงูุฅุถุงูุฉ ุฅูู ูุงุฆูุฉ ููุฑุฑุงุช ุงุฎุชูุงุฑูุฉ ูู ุชูููููุฌูุง ุงููุนูููุงุช. ูู ุชูุฏ ูุนุฑูุฉ ุชูุงุตูู ุฃูุซุฑ ุนู ุฃู ูู ูุฐู ุงูููุฑุฑุงุชุ', '2025-06-09 22:31:04.834146', 2, 164),
(108, 'ูู ุบูุงุจ ู ุงููููุฉุ', 'ุงููููุฉ ุชุณูุญ ุจูุณุจุฉ ุบูุงุจ ูุญุฏุฏุฉ ููู ููุฑุฑ ุฏุฑุงุณูุ ููู ุญุงูุฉ ุชุฌุงูุฒ ูุฐู ุงููุณุจุฉุ ูุฏ ูุชู ุญุฑูุงู ุงูุทุงูุจ ูู ุงูุชูุฏู ููุงูุชุญุงู ุงูููุงุฆู. ูุฌุจ ุนูู ุงูุทูุงุจ ุชุญููู ูุณุจุฉ ุญุถูุฑ ูุง ุชูู ุนู 75% ูู ูู ููุฑุฑ. ูู ุญุงูุฉ ุงูุบูุงุจ ุนู ุงููุญุงุถุฑุงุชุ ูุฌุจ ุนูู ุงูุทุงูุจ ุชูุฏูู ุนุฐุฑ ููุจูู ูุฅุฏุงุฑุฉ ุงููููุฉ.', '2025-06-09 22:31:31.273585', 2, 164),
(109, 'ุงูุช ุนุงูู ุงูู', 'ุฃูุง ููุง ูููุณุงุนุฏุฉ ูู ุฃู ุฃุณุฆูุฉ ูุฏูู ุจุฎุตูุต ุงููููุฉ. ูู ููุงู ุดูุก ูุนูู ูููููู ูุณุงุนุฏุชู ูููุ', '2025-06-09 22:31:46.902043', 2, 164),
(110, 'ุงุฒูู', 'ุฃูุง ููุง ูููุณุงุนุฏุฉ ูู ุฃู ุฃุณุฆูุฉ ูุฏูู ุจุฎุตูุต ุงููููุฉ. ูู ููุงู ุดูุก ูุนูู ูููููู ูุณุงุนุฏุชู ูููุ', '2025-06-09 22:31:56.425648', 2, 164),
(111, 'hi', 'ุฃูุง ููุง ููุณุงุนุฏุชู ูู ุฃู ุฃุณุฆูุฉ ูุฏูู ุจุฎุตูุต ุงููููุฉ. ูู ููุงู ุดูุก ูุนูู ูููููู ูุณุงุนุฏุชู ูููุ', '2025-06-09 22:32:12.476927', 2, 165),
(112, 'hi', 'ุฃููุงู ุจู! ููู ูููููู ูุณุงุนุฏุชูุ', '2025-06-09 22:57:23.057077', 1, 166),
(113, 'how are you', 'ุฃูุง ุจุฑูุงูุฌ ุญุงุณูุจูุ ูุฐุง ูุง ุฃุดุนุฑ ุฃู ุฃูุฑุถ. ููู ูููููู ูุณุงุนุฏุชู ุงููููุ ูู ูุฏูู ุฃู ุฃุณุฆูุฉ ุญูู ููุฑุฑ ุงููุบุฉ ุงูุฅูุฌููุฒูุฉ 1 (HU 111) ุฃู ุฃู ุงุณุชูุณุงุฑุงุช ุฃุฎุฑูุ', '2025-06-09 22:57:37.266226', 1, 166),
(114, 'ุนุงูุฒ ุงุณุฌู ุงูููุงุฏ ุงุนูู ุงู ', 'ูุชุณุฌูู ุงูููุงุฏุ ููููู ุงูููุงู ุจุฐูู ูู ุฎูุงู ุงููุธุงู ุงูุฅููุชุฑููู ููุฌุงูุนุฉ ุจุงุณุชุฎุฏุงู ุญุณุงุจู ุงูุทูุงุจู. ุงูููุงุนูุฏ ุงูููุงุฆูุฉ ููุชุณุฌูู ุชูุนูู ุนุงุฏุฉู ูู ุจุฏุงูุฉ ูู ูุตู ุฏุฑุงุณู ููุฌุจ ุนููู ุงูุงูุชุฒุงู ุจูุง ูุชุฌูุจ ุฃู ุบุฑุงูุงุช ุฃู ูุดุงูู ุฃูุงุฏูููุฉ. ููุณูุญ ูู ุจุงูุชุณุฌูู ูู ุงูููุฑุฑุงุช ุงูุฏุฑุงุณูุฉ ุจูุงุกู ุนูู ุงุฎุชูุงุฑู ูููุณุชููุงุช ุงููุฎุชููุฉุ ูููู ูุง ููุณูุญ ุจุงูุชุณุฌูู ูู ููุฑุฑ ุฃุนูู ุฅูุง ุฅุฐุง ูุฌุญุช ูู ุงูููุฑุฑุงุช ุงููุทููุจุฉ ููุชุทูุจุงุช ููููุฑุฑ ุงูุฃุนููุ ุฅูุง ุจููุงููุฉ ูุฌูุณ ุงููุณู ุงููุนูู ูู ุญุงูุงุช ูุนููุฉ.', '2025-06-09 22:57:53.227554', 1, 166),
(115, 'ุงููุง', 'ุฃููุงู ุจู! ููู ูููููู ูุณุงุนุฏุชูุ ูู ูุฏูู ุฃู ุฃุณุฆูุฉ ุญูู ุงูุชุณุฌูู ุฃู ุฃู ุงุณุชูุณุงุฑุงุช ุฃุฎุฑูุ', '2025-06-09 22:58:36.598335', 1, 167),
(116, 'ุงุฒูู ', 'ุฃูุง ุจุฑูุงูุฌ ุญุงุณูุจูุ ูุฐุง ูุง ุฃุดุนุฑ. ููู ูููููู ูุณุงุนุฏุชู ุงููููุ ูู ูุฏูู ุฃู ุฃุณุฆูุฉ ุญูู ุงูุชุณุฌูู ุฃู ุฃู ุงุณุชูุณุงุฑุงุช ุฃุฎุฑูุ', '2025-06-09 23:00:05.661217', 2, 170),
(117, 'ุงุฒุงู ุงุณุฌู ุงูููุงุฏ ', 'ูุชุณุฌูู ุงูููุงุฏุ ููููู ุงูููุงู ุจุฐูู ูู ุฎูุงู ุงููุธุงู ุงูุฅููุชุฑููู ููุฌุงูุนุฉ ุจุงุณุชุฎุฏุงู ุญุณุงุจู ุงูุทูุงุจู. ุงูููุงุนูุฏ ุงูููุงุฆูุฉ ููุชุณุฌูู ุชูุนูู ุนุงุฏุฉู ูู ุจุฏุงูุฉ ูู ูุตู ุฏุฑุงุณู ููุฌุจ ุนููู ุงูุงูุชุฒุงู ุจูุง ูุชุฌูุจ ุฃู ุบุฑุงูุงุช ุฃู ูุดุงูู ุฃูุงุฏูููุฉ. ูููููู ุชุณุฌูู ุงูููุงุฏ ุงูุงุฎุชูุงุฑูุฉ ูู ุฎูุงู ุงููุธุงู ุงูุฅููุชุฑููู ุฎูุงู ุงููุชุฑุฉ ุงููุญุฏุฏุฉ.', '2025-06-09 23:00:33.934837', 2, 170),
(118, 'ุทุจ ูู ุบูุงุจ ู ุงููููุฉ ุธ', 'ูุนูุ ุงููููุฉ ุชุณูุญ ุจูุณุจุฉ ุบูุงุจ ูุญุฏุฏุฉ ููู ููุฑุฑ ุฏุฑุงุณู. ุฅุฐุง ุชุฌุงูุฒุช ูุฐู ุงููุณุจุฉุ ูุฏ ุชูุญุฑู ูู ุงูุชูุฏู ููุงูุชุญุงู ุงูููุงุฆู. ููู ุญุงูุฉ ุงูุบูุงุจุ ูุฌุจ ุนููู ุชูุฏูู ุนุฐุฑ ููุจูู ูุฅุฏุงุฑุฉ ุงููููุฉ.', '2025-06-09 23:00:58.522226', 2, 170),
(119, 'ุทุจ ูููู ููุงุฏ ูุณู vs ', 'ูุนูููุงุช ูุณู VS ุบูุฑ ูุชููุฑุฉ ูุฏู. ูู ุชูุตุฏ ูุณู ูุธู ุงููุนูููุงุช (IS)ุ ุฅุฐุง ูุงู ุงูุฃูุฑ ูุฐููุ ุชุดูู ุงูููุฑุฑุงุช ุงูุฅุฌุจุงุฑูุฉ ูู ูุณู ูุธู ุงููุนูููุงุช: ุชุทุจููุงุช ุงูุฅูุชุฑูุชุ ูุธู ููุงุนุฏ ุงูุจูุงูุงุช 2ุ ุชุฎุฒูู ูุงุณุชุฑุฌุงุน ุงูุจูุงูุงุชุ ุชุญููู ูุชุตููู ูุธู ุงููุนูููุงุช 2ุ ุฃูู ูุธู ุงููุนูููุงุชุ ูุธู ุฏุนู ุงููุฑุงุฑุ ูุธู ุงููุนูููุงุช ุงูุฅุฏุงุฑูุฉุ ุฐูุงุก ุงูุฃุนูุงู ูุชุญููู ุงูุจูุงูุงุชุ ุชูููููุฌูุง ุงูุจูุงูุงุช ุงููุจูุฑุฉุ ููุฏูุฉ ูู ุนูู ุงูุจูุงูุงุชุ ุฅุฏุงุฑุฉ ููุงุนุฏ ุงููุนุฑูุฉุ ููุดุฑูุน ุงูุชุฎุฑุฌ. ุจุงูุฅุถุงูุฉ ุฅูู ุฐููุ ูุดูู ุงููุณู ูุฌุงูุงุช ูุชุฎุตุตุฉ ูู ุงูุฑุณูู ูุงููุณุงุฆุท ูุซู: ูุธู ุงูุฑุณู ุจุงูุญุงุณุจุ ุงูุฑุณูู ุงูุญุงุณูุจูุฉ ุงููุชุญุฑูุฉุ ุงููุงูุน ุงูุงูุชุฑุงุถูุ ุงููุณุงุฆุท ุงููุชุนุฏุฏุฉุ ุถุบุท ุงูุจูุงูุงุช ูุชุฃููููุง.', '2025-06-09 23:02:21.638801', 2, 170),
(120, 'hi', 'ุฃููุงู ุจู! ููู ูููููู ูุณุงุนุฏุชูุ', '2025-06-10 09:17:41.625471', 1, 171),
(121, 'ูู ุณุงุนุฉ ููุชุฎุฑุฌ ', 'ููุชุฎุฑุฌุ ูุญุชุงุฌ ุงูุทุงูุจ ุฅูู ุงุฌุชูุงุฒ 144 ุณุงุนุฉ ูุนุชูุฏุฉ ุจูุฌุงุญุ ููุฒุนุฉ ุนูู ุซูุงููุฉ ูุตูู ุฏุฑุงุณูุฉ ูููุณูุฉ ุฅูู ุฃุฑุจุนุฉ ูุณุชููุงุช ุฏุฑุงุณูุฉ. ูุฐู ุงูุณุงุนุงุช ุชุดูู ูุชุทูุจุงุช ุนุงูุฉุ ููุชุทูุจุงุช ุงููููุฉุ ุจุงูุฅุถุงูุฉ ุฅูู ูุชุทูุจุงุช ุงูุชุฎุตุต ุงูุฑุฆูุณู. ุงูุฏุฑุงุณุฉ ูู ุงููุณุชูููู ุงูุฃูู ูุงูุซุงูู ูุดุชุฑูุฉ ูุฌููุน ุงูุชุฎุตุตุงุช.', '2025-06-10 10:21:42.937448', 1, 171),
(122, 'how many hours for graduate?', 'ููุชุฎุฑุฌุ ูุฌุจ ุนูู ุงูุทุงูุจ ุงุฌุชูุงุฒ 144 ุณุงุนุฉ ูุนุชูุฏุฉ ุจูุฌุงุญุ ููุฒุนุฉ ุนูู ุซูุงููุฉ ูุตูู ุฏุฑุงุณูุฉ ูููุณูุฉ ุฅูู ุฃุฑุจุนุฉ ูุณุชููุงุช ุฏุฑุงุณูุฉ. ูุฐู ุงูุณุงุนุงุช ุชุดูู ูุชุทูุจุงุช ุนุงูุฉ ููุชุทูุจุงุช ุงููููุฉ ุจุงูุฅุถุงูุฉ ุฅูู ูุชุทูุจุงุช ุงูุชุฎุตุต ุงูุฑุฆูุณู.', '2025-06-10 10:22:45.632232', 1, 171),
(123, 'speak english', 'Okay, I will speak in English. How can I help you today? Do you have any questions about courses, registration, or anything else related to the university?', '2025-06-10 10:23:07.491288', 1, 171),
(124, 'how many hours for graduate?', 'To graduate, you need to successfully complete 144 credit hours. These hours are distributed over eight semesters, divided into four academic levels, and include general, college, and major requirements.', '2025-06-10 10:23:32.678390', 1, 171),
(125, 'how are you?', 'I am a computer program, so I don\'t experience feelings. How can I help you today? Do you have any questions regarding courses, departments, or university requirements?', '2025-06-10 10:23:46.406899', 1, 171),
(126, 'ูุง ูู ูุงุฏุฉ ุงูุจุฑูุฌุฉ1', 'Programming 1 (CS 112) is a mandatory course with 3 credit hours. It requires completion of Introduction to Computer Science (CS 111) as a prerequisite.', '2025-06-10 10:24:58.235264', 1, 171),
(127, 'ูู ููู ุญุงุฌุฉ ูุนุชูุฏุฉ ุนููู ', 'ูุนูุ ููุฌุฏ ููุฑุฑ ุฃุณุงุณูุงุช ุงูุฅุฏุงุฑุฉ (HU 122) ููู ููุฑุฑ ุงุฎุชูุงุฑูุ ูุนุฏุฏ ุณุงุนุงุชู ุงููุนุชูุฏุฉ ูู 3 ุณุงุนุงุช. ูุง ููุฌุฏ ูู ูุชุทูุจุงุช ุณุงุจูุฉ. ูููููู ุชุณุฌูู ุงูููุงุฏ ุงูุงุฎุชูุงุฑูุฉ ูู ุฎูุงู ุงููุธุงู ุงูุฅููุชุฑููู ุฎูุงู ุงููุชุฑุฉ ุงููุญุฏุฏุฉ.', '2025-06-10 10:25:13.034852', 1, 171),
(128, 'ุตุจุงุญ ุงููู ', 'ุตุจุงุญ ุงููู! ููู ูููููู ูุณุงุนุฏุชู ุงููููุ ูู ูุฏูู ุฃู ุฃุณุฆูุฉ ุญูู ุงูููุฑุฑุงุชุ ุฃู ุงูุชุณุฌููุ ุฃู ุฃู ุดูุก ุขุฎุฑ ูุชุนูู ุจุงูุฌุงูุนุฉุ', '2025-06-10 10:26:55.259208', 1, 171),
(129, 'ูุณุงุก ุงูุฎูุฑ', 'ูุณุงุก ุงูุฎูุฑ! ููู ูููููู ูุณุงุนุฏุชู ุงููููุ ูู ูุฏูู ุฃู ุฃุณุฆูุฉ ุญูู ุงูููุฑุฑุงุชุ ุฃู ุงูุชุณุฌููุ ุฃู ุฃู ุดูุก ุขุฎุฑ ูุชุนูู ุจุงูุฌุงูุนุฉุ', '2025-06-10 10:27:04.344305', 1, 171),
(130, 'ูุณุงุก ุงูุฒูุช', 'ูุณุงุก ุงูุฎูุฑ! ููู ูููููู ูุณุงุนุฏุชู ุงููููุ ูู ูุฏูู ุฃู ุฃุณุฆูุฉ ุญูู ุงููุชุงุฆุฌ ุฃู ุฃู ุดูุก ุขุฎุฑุ ุณูุชู ุงูุฅุนูุงู ุนู ูุชุงุฆุฌ ุงูุชุญุงูุงุช ุงููุงููู ุจุนุฏ 10 ุฃูุงู ุฅูู 15 ููููุง ูู ุงูุชูุงุก ุงูุงูุชุญุงูุงุช.', '2025-06-10 10:27:14.329738', 1, 171),
(131, 'ุงุฒูู ', 'ุฃูุง ุจุฑูุงูุฌ ุญุงุณูุจูุ ูุฐุง ูุง ุฃุดุนุฑ. ููู ูููููู ูุณุงุนุฏุชู ุงููููุ ูู ูุฏูู ุฃู ุฃุณุฆูุฉ ุญูู ุงูููุฑุฑุงุชุ ุฃู ุงูุชุณุฌููุ ุฃู ุฃู ุดูุก ุขุฎุฑ ูุชุนูู ุจุงูุฌุงูุนุฉุ', '2025-06-10 19:10:10.547700', 2, 172),
(132, 'ูู ุบูุงุจ ุ', 'ูู ุญุงูุฉ ุงูุบูุงุจ ุนู ุงููุญุงุถุฑุงุชุ ูุฌุจ ุนูู ุงูุทุงูุจ ุชูุฏูู ุนุฐุฑ ููุจูู ูุฅุฏุงุฑุฉ ุงููููุฉุ ูุฅุฐุง ุชุฌุงูุฒ ุงูุบูุงุจ ุงููุณุจุฉ ุงููุณููุญ ุจูุงุ ูุฏ ูุชู ุญุฑูุงู ุงูุทุงูุจ ูู ุงูุชูุฏู ููุงูุชุญุงู ุงูููุงุฆู. ุงููููุฉ ุชุณูุญ ุจูุณุจุฉ ุบูุงุจ ูุญุฏุฏุฉ ููู ููุฑุฑ ุฏุฑุงุณู.', '2025-06-10 19:10:31.673071', 2, 172),
(133, 'Hello', 'ุฃููุงู ุจู! ููู ูููููู ูุณุงุนุฏุชูุ ูู ูุฏูู ุฃู ุฃุณุฆูุฉ ุญูู ุฌุฏูู ุงููุญุงุถุฑุงุช ุฃู ุฃู ุดูุก ุขุฎุฑุ', '2025-06-10 19:22:36.661378', 1, 173),
(134, 'ูุงู ุณุงุนุฉ ููุชุฎุฑุฌ', 'ููุชุฎุฑุฌุ ูุฌุจ ุนูู ุงูุทุงูุจ ุงุฌุชูุงุฒ 144 ุณุงุนุฉ ูุนุชูุฏุฉ ุจูุฌุงุญ ููุฒุนุฉ ุนูู ุซูุงููุฉ ูุตูู ุฏุฑุงุณูุฉุ ููุณูุฉ ุฅูู ุฃุฑุจุนุฉ ูุณุชููุงุช ุฏุฑุงุณูุฉ. ุงูุฏุฑุงุณุฉ ูู ุงููุณุชูููู ุงูุฃูู ูุงูุซุงูู ูุดุชุฑูุฉ ูุฌููุน ุงูุชุฎุตุตุงุช.', '2025-06-10 19:22:52.789840', 1, 173),
(135, 'How are you', 'ุฃูุง ุจุฑูุงูุฌ ุญุงุณูุจูุ ูุฐุง ูุง ุฃุดุนุฑ. ููู ูููููู ูุณุงุนุฏุชู ุงููููุ ูู ูุฏูู ุฃู ุฃุณุฆูุฉ ุญูู ุงูููุฑุฑุงุชุ ุงูุฃูุณุงูุ ุฃู ูุชุทูุจุงุช ุงูุฌุงูุนุฉุ', '2025-06-10 20:37:23.420551', 1, 176),
(136, 'ูู ุบูุงุจ ู ุงููููุฉ', 'ูุนูุ ุงููููุฉ ุชุณูุญ ุจูุณุจุฉ ุบูุงุจ ูุญุฏุฏุฉ ููู ููุฑุฑ ุฏุฑุงุณู. ุฅุฐุง ุชุฌุงูุฒุช ูุฐู ุงููุณุจุฉุ ูุฏ ุชูุญุฑู ูู ุงูุชูุฏู ููุงูุชุญุงู ุงูููุงุฆู.', '2025-06-10 23:10:09.517594', 2, 180),
(137, 'ุงูู ููุงุฏ ูุณู cs', 'ููุงุฏ ูุณู CS ุชุฑูุฒ ุนูู ุนููู ุงูุญุงุณุจ ุงููุธุฑูุฉ ูุงูุจุฑูุฌุฉ.', '2025-06-10 23:10:25.032565', 2, 180),
(138, 'Hi', 'ุฃููุงู ุจู! ููู ูููููู ูุณุงุนุฏุชูุ ูู ูุฏูู ุฃู ุฃุณุฆูุฉ ุญูู ุฌุฏูู ุงููุญุงุถุฑุงุช ุฃู ุฃู ุดูุก ุขุฎุฑุ', '2025-06-10 23:30:59.250320', 1, 182),
(139, 'ุงููุฉ ุนุงูุฒ ุงุนุฑู ูุญุงุถุฑุฉ ุจุฑูุฌุฉ 1 ', 'ููุฑุฑ ุงูุจุฑูุฌุฉ 1 (CS 112) ูู ููุฑุฑ ุฅุฌุจุงุฑูุ ูุนุฏุฏ ุณุงุนุงุชู ุงููุนุชูุฏุฉ ูู 3 ุณุงุนุงุช. ูุชุทูุจ ุฏุฑุงุณุฉ ููุฑุฑ ููุฏูุฉ ูู ุงูุญุงุณูุจ (CS 111) ููุชุทูุจ ุณุงุจู. ูุดูู ุงูููุฑุฑ ุชุทููุฑ ุงูุจุฑุงูุฌ ุงููููููุฉุ ุญู ุงููุดููุงุช ุจุงุณุชุฎุฏุงู ุชุฑุงููุจ ุงููุฑุงุฑุ ุงูููุงูู ุงูุชูุฑุงุฑูุฉุ ุชูุณูู ุงูุจุฑุงูุฌ ุฅูู ูุญุฏุงุช ูุฑุนูุฉุ ุงูุฏูุงู ูุงูุฅุฌุฑุงุกุงุชุ ุฃููุงุน ุงูุจูุงูุงุช ุงููุฑูุจุฉ ูุซู ุงููุตูููุงุช ูุงูุณุฌูุงุชุ ุงูุชุนุงูู ูุน ุงููููุงุช ุงููุตูุฉ ูุงูุนุดูุงุฆูุฉุ ููุงูู ุงูุจูุงูุงุช ุงูุฏููุงููููุฉ (ุงููุคุดุฑุงุช)ุ ูุงูุชูุฑุงุฑ ุงูุฐุงุชู (Recursion).', '2025-06-10 23:31:18.723947', 1, 182),
(140, 'ูู ุนุฏุฏ ุณุงุนุงุช ุงูุญุถูุฑ ', 'ูุง ููุฌุฏ ูุนูููุงุช ูู ูุงุนุฏุฉ ุงูุจูุงูุงุช ุญูู ุนุฏุฏ ุณุงุนุงุช ุงูุญุถูุฑ ุงููุทููุจุฉ. ููููุ ููุชุฎุฑุฌุ ูุฌุจ ุนููู ุฅููุงู 144 ุณุงุนุฉ ูุนุชูุฏุฉ ุจูุฌุงุญ.', '2025-06-10 23:31:34.330902', 1, 182),
(141, 'ูู ุชุนุฑู ุดุงุช ุฌู ุจู ุชู ', 'ุฃูุง ูุธุงู ุญุงุณูุจู ูุตูู ูููุณุงุนุฏุฉ ูู ุงูุฅุฌุงุจุฉ ุนูู ุฃุณุฆูุชู ุจูุงุกู ุนูู ุงููุนูููุงุช ุงููุชููุฑุฉ ูุฏู.', '2025-06-10 23:31:52.735222', 1, 182),
(142, 'ุงุณูู ุงู ', 'ุฃูุง ูุธุงู ุญุงุณูุจู ูุตูู ูููุณุงุนุฏุฉ ูู ุงูุฅุฌุงุจุฉ ุนูู ุฃุณุฆูุชู ุจูุงุกู ุนูู ุงููุนูููุงุช ุงููุชููุฑุฉ ูุฏู.', '2025-06-10 23:32:08.123543', 1, 182),
(143, 'ุงููุง', 'ุฃููุงู ุจู! ููู ูููููู ูุณุงุนุฏุชูุ ูู ูุฏูู ุฃู ุฃุณุฆูุฉ ุญูู ุฌุฏูู ุงููุญุงุถุฑุงุช ุฃู ุฃู ุดูุก ุขุฎุฑุ', '2025-06-10 23:32:17.575461', 1, 182),
(144, 'ุงูุง ุนุงูุฒ ุงุนุฑู ูู ุบูุงุจ ู ุงููููุฉ ููุง ูุง', 'ูุนูุ ุงููููุฉ ุชุณูุญ ุจูุณุจุฉ ุบูุงุจ ูุญุฏุฏุฉ ููู ููุฑุฑ ุฏุฑุงุณูุ ูุฅุฐุง ุชุฌุงูุฒุช ูุฐู ุงููุณุจุฉุ ูุฏ ุชูุญุฑู ูู ุงูุชูุฏู ููุงูุชุญุงู ุงูููุงุฆู. ูุฌุจ ุนููู ุชุญููู ูุณุจุฉ ุญุถูุฑ ูุง ุชูู ุนู 75% ูู ูู ููุฑุฑ.', '2025-06-11 03:01:10.966639', 2, 183),
(145, 'ุทุจ ูู ุงูู ุงูุณุงู ุงููููุฉ', 'ุชุถู ุงููููุฉ ุณุชุฉ ุฃูุณุงู ุนูููุฉ ูู: ูุณู ุนููู ุงูุญุงุณุจุ ูุณู ูุธู ุงููุนูููุงุชุ ูุณู ุชูููููุฌูุง ุงููุนูููุงุชุ ูุณู ุงูุฐูุงุก ุงูุงุตุทูุงุนูุ ุจุงูุฅุถุงูุฉ ุฅูู ุจุฑูุงูุฌ ููุฏุณุฉ ุงูุจุฑูุฌูุงุช ูุจุฑูุงูุฌ ุงููุนูููุงุชูุฉ ุงูุทุจูุฉ (ุจุฑุงูุฌ ุจูุตุฑููุงุช).', '2025-06-11 03:01:36.379671', 2, 183),
(146, ' what is the core courses at cs department ', 'ุงูููุฑุฑุงุช ุงูุฅุฌุจุงุฑูุฉ ูู ูุณู ุนููู ุงูุญุงุณุจ ุชุชุถูู:\n\n1.  ููุงูู ุงูุจูุงูุงุช (CS 214) - 3 ุณุงุนุงุช ูุนุชูุฏุฉ\n2.  ุงูุฎูุงุฑุฒููุงุช (CS 316) - 3 ุณุงุนุงุช ูุนุชูุฏุฉ\n3.  ูุธู ููุงุนุฏ ุงูุจูุงูุงุช 1 (IS 211) - 3 ุณุงุนุงุช ูุนุชูุฏุฉ\n4.  ุชุญููู ูุชุตููู ุงููุธู 1 (I 351) - 3 ุณุงุนุงุช ูุนุชูุฏุฉ\n5.  ุดุจูุงุช ุงูุญุงุณูุจ 1 (IT 222) - 3 ุณุงุนุงุช ูุนุชูุฏุฉ\n6.  ูุธู ุงูุชุดุบูู 1 (CS 241) - 3 ุณุงุนุงุช ูุนุชูุฏุฉ\n7.  ููุฏุณุฉ ุงูุจุฑูุฌูุงุช 1 (CS 251) - 3 ุณุงุนุงุช ูุนุชูุฏุฉ\n8.  ุงูุจุฑูุฌุฉ 2 (CS 213) - 3 ุณุงุนุงุช ูุนุชูุฏุฉ\n9. ุชุนูู ุงูุขูุฉ (AI 330) - 3 ุณุงุนุงุช ูุนุชูุฏุฉ\n10. ุชูุธูู ุงูุญุงุณูุจ (CS 322) - 3 ุณุงุนุงุช ูุนุชูุฏุฉ\n11. ุดูู ุงูุญุงุณูุจ 1 (IT 331) - 3 ุณุงุนุงุช ูุนุชูุฏุฉ\n12. ููุฏุณุฉ ุงูุจุฑูุฌูุงุช 2 (CS 352) - 3 ุณุงุนุงุช ูุนุชูุฏุฉ\n13. ุงููุนุงูุฌุฉ ุงููุชูุงุฒูุฉ ูุงูุญูุณุจุฉ ุนุงููุฉ ุงูุฃุฏุงุก (CS 471) - 3 ุณุงุนุงุช ูุนุชูุฏุฉ\n14. ุงูุฐูุงุก ุงูุงุตุทูุงุนู (AI 310) - 3 ุณุงุนุงุช ูุนุชูุฏุฉ\n15. ุงูุชุฑุฌูุฉ (CS 419) - 3 ุณุงุนุงุช ูุนุชูุฏุฉ\n16. ูุธุฑูุฉ ุงูุญูุณุจุฉ (CS 405) - 3 ุณุงุนุงุช ูุนุชูุฏุฉ\n17. ูุธู ุงูุชุดุบูู 2 (CS 342) - 3 ุณุงุนุงุช ูุนุชูุฏุฉ\n18. ุงูุฃูุธูุฉ ุงูููุฒุนุฉ ูุงูุญูุณุจุฉ ุงูุณุญุงุจูุฉ (CS 460) - 3 ุณุงุนุงุช ูุนุชูุฏุฉ\n19. ุฃูู ุงููุนูููุงุช ูุดุจูุงุช ุงูุญุงุณูุจ (IT 423) - 3 ุณุงุนุงุช ูุนุชูุฏุฉ\n20. ูุดุฑูุน ุงูุชุฎุฑุฌ (CS 498) - 6 ุณุงุนุงุช ูุนุชูุฏุฉ', '2025-06-11 03:03:44.793972', 2, 157),
(147, 'ุงู', 'ุฃููุงู ุจู! ููู ูููููู ูุณุงุนุฏุชูุ ูู ูุฏูู ุฃู ุฃุณุฆูุฉ ุญูู ุงูููุฑุฑุงุชุ ุฃู ุงูุฃูุณุงูุ ุฃู ูุชุทูุจุงุช ุงูุฌุงูุนุฉุ', '2025-06-11 03:04:05.525474', 2, 184),
(148, 'ุงููุง', 'ุฃููุงู ุจู! ููู ูููููู ูุณุงุนุฏุชูุ ูู ูุฏูู ุฃู ุฃุณุฆูุฉ ุญูู ุฌุฏูู ุงููุญุงุถุฑุงุช ุฃู ุฃู ุดูุก ุขุฎุฑุ', '2025-06-11 03:04:24.267926', 2, 184),
(149, 'ุนุงูู ุงูู', 'ุฃูุง ูุธุงู ุญุงุณูุจูุ ูุฐุง ูุง ุฃุดุนุฑ. ููู ูููููู ูุณุงุนุฏุชู ุงููููุ ูู ูุฏูู ุฃู ุฃุณุฆูุฉ ุญูู ุงูููุฑุฑุงุชุ ุฃู ุงูุฃูุณุงูุ ุฃู ูุชุทูุจุงุช ุงูุฌุงูุนุฉุ', '2025-06-11 03:04:38.693068', 2, 184),
(150, 'hello', 'ุฃููุงู ุจู! ููู ูููููู ูุณุงุนุฏุชูุ ูู ูุฏูู ุฃู ุฃุณุฆูุฉ ุญูู ุฌุฏูู ุงููุญุงุถุฑุงุช ุฃู ุฃู ุดูุก ุขุฎุฑุ', '2025-06-11 03:04:55.684449', 2, 184),
(151, 'i want to know if there is an attednence?', 'Yes, students must achieve an attendance rate of at least 75% in each course. In the event of an absence from the lectures, the student must provide an acceptable excuse for the college administration, and if the absence exceeds the permissible percentage, the student may be deprived of applying for the final exam.', '2025-06-11 03:05:26.220414', 2, 184),
(152, 'I want to know if there is an attendence', 'Yes, students must achieve an attendance rate of at least 75% in each course.', '2025-06-11 03:05:50.761945', 2, 185),
(153, 'wha tis the core courses of cs department', 'The core courses for the CS department include:\n*   Data Structures (CS 214) - 3 credit hours\n*   Algorithms (CS 316) - 3 credit hours\n*   Database Systems 1 (IS 211) - 3 credit hours\n*   Systems Analysis and Design 1 (I 351) - 3 credit hours\n*   Computer Networks 1 (IT 222) - 3 credit hours\n*   Operating Systems 1 (CS 241) - 3 credit hours\n*   Software Engineering 1 (CS 251) - 3 credit hours\n*   Programming 2 (CS 213) - 3 credit hours\n*   Machine Learning (AI 330) - 3 credit hours\n*   Computer Organization (CS 322) - 3 credit hours\n*   Computer Architecture 1 (IT 331) - 3 credit hours\n*   Software Engineering 2 (CS 352) - 3 credit hours\n*   Parallel Processing and High-Performance Computing (CS 471) - 3 credit hours\n*   Artificial Intelligence (AI 310) - 3 credit hours\n*   Compilers (CS 419) - 3 credit hours\n*   Theory of Computation (CS 405) - 3 credit hours\n*   Operating Systems 2 (CS 342) - 3 credit hours\n*   Distributed Systems and Cloud Computing (CS 460) - 3 credit hours\n*   Information Security and Computer Networks (IT 423) - 3 credit hours\n*   Graduation Project (CS 498) - 6 credit hours', '2025-06-11 03:06:17.340111', 2, 185),
(154, 'ok thank u', 'You\'re welcome! If you have any more questions in the future, feel free to ask.', '2025-06-11 03:06:37.865756', 2, 185),
(155, 'ุงุฒูู', 'ุฃูุง ุจุฑูุงูุฌ ุญุงุณูุจูุ ูุฐุง ูุง ุฃุดุนุฑ. ููู ูููููู ูุณุงุนุฏุชู ุงููููุ ูู ูุฏูู ุฃู ุฃุณุฆูุฉ ุญูู ุงูููุฑุฑุงุชุ ุฃู ุงูุฃูุณุงูุ ุฃู ูุชุทูุจุงุช ุงูุฌุงูุนุฉุ', '2025-06-11 03:09:16.330263', 2, 186),
(156, 'ุงููุง ูุนู', 'ุฃููุงู ุจู! ููู ูููููู ูุณุงุนุฏุชูุ ูู ูุฏูู ุฃู ุฃุณุฆูุฉ ุญูู ุฌุฏูู ุงููุญุงุถุฑุงุช ุฃู ุฃู ุดูุก ุขุฎุฑุ', '2025-06-11 03:09:30.310289', 2, 186),
(157, 'ุงููุง ูุนู', 'ุฃููุงู ุจู! ููู ูููููู ูุณุงุนุฏุชูุ ูู ูุฏูู ุฃู ุฃุณุฆูุฉ ุญูู ุฌุฏูู ุงููุญุงุถุฑุงุช ุฃู ุฃู ุดูุก ุขุฎุฑุ', '2025-06-11 03:12:03.371921', 2, 187),
(158, 'ูู ุงูุญุถูุฑ ุนููู ุฏุฑุฌุงุชุ', 'ูุนูุ ุงูุญุถูุฑ ููู. ูุชุทูุจ ุฏุฎููู ุงูุงูุชุญุงู ุงูููุงุฆู ุชุญููู ูุณุจุฉ ุญุถูุฑ ูุง ุชูู ุนู 75% ูู ุงููุญุงุถุฑุงุช ูู ูู ููุฑุฑ. ุฅุฐุง ุชุฌุงูุฒุช ูุณุจุฉ ุบูุงุจู 25% ุจุฏูู ุนุฐุฑ ููุจููุ ูุฏ ูุชู ุญุฑูุงูู ูู ุฏุฎูู ุงูุงูุชุญุงู ุงูููุงุฆู ูุชุญุตู ุนูู ุฏุฑุฌุฉ \"ุตูุฑ\" ูู ุงูุงุฎุชุจุงุฑ ุงูููุงุฆู ููููุฑุฑ.', '2025-06-11 03:12:32.264377', 2, 187),
(159, 'ุทุจ ูู ุงูู ุงูุณุงู ุงููููุฉ', 'ุชุถู ุงููููุฉ ุณุชุฉ ุฃูุณุงู ุนูููุฉ ูู: ูุณู ุนููู ุงูุญุงุณุจุ ูุณู ูุธู ุงููุนูููุงุชุ ูุณู ุชูููููุฌูุง ุงููุนูููุงุชุ ูุณู ุงูุฐูุงุก ุงูุงุตุทูุงุนูุ ุจุงูุฅุถุงูุฉ ุฅูู ุจุฑูุงูุฌ ููุฏุณุฉ ุงูุจุฑูุฌูุงุช ูุจุฑูุงูุฌ ุงููุนูููุงุชูุฉ ุงูุทุจูุฉ (ุจุฑุงูุฌ ุจูุตุฑููุงุช).', '2025-06-11 03:12:57.267409', 2, 187),
(160, 'ุชูุงู ุดูุฑุง', 'ุนูู ุงูุฑุญุจ ูุงูุณุนุฉ! ุฅุฐุง ูุงู ูุฏูู ุฃู ุฃุณุฆูุฉ ุฃุฎุฑู ูู ุงููุณุชูุจูุ ููุง ุชุชุฑุฏุฏ ูู ุทุฑุญูุง.', '2025-06-11 03:13:14.695970', 2, 187),
(161, 'ุงููุง ูุนู', 'ุฃููุงู ุจู! ููู ูููููู ูุณุงุนุฏุชูุ ูู ูุฏูู ุฃู ุฃุณุฆูุฉ ุญูู ุฌุฏูู ุงููุญุงุถุฑุงุช ุฃู ุฃู ุดูุก ุขุฎุฑุ', '2025-06-11 03:19:02.226520', 2, 188),
(162, 'ูู ุงูุญุถูุฑ ุนููู ุฏุฑุฌุงุช ุ', 'ูุนูุ ุงูุญุถูุฑ ููู. ูุชุทูุจ ุฏุฎููู ุงูุงูุชุญุงู ุงูููุงุฆู ุชุญููู ูุณุจุฉ ุญุถูุฑ ูุง ุชูู ุนู 75% ูู ุงููุญุงุถุฑุงุช ูู ูู ููุฑุฑ. ุฅุฐุง ุชุฌุงูุฒุช ูุณุจุฉ ุบูุงุจู 25% ุจุฏูู ุนุฐุฑ ููุจููุ ูุฏ ูุชู ุญุฑูุงูู ูู ุฏุฎูู ุงูุงูุชุญุงู ุงูููุงุฆู ูุชุญุตู ุนูู ุฏุฑุฌุฉ \'ุตูุฑ\' ูู ุฏุฑุฌุฉ ุงูุงุฎุชุจุงุฑ ุงูููุงุฆู ููููุฑุฑ.', '2025-06-11 03:19:31.980442', 2, 188),
(163, 'ุงููุง ูุนู', 'ุฃููุงู ุจู! ููู ูููููู ูุณุงุนุฏุชูุ ูู ูุฏูู ุฃู ุฃุณุฆูุฉ ุญูู ุฌุฏูู ุงููุญุงุถุฑุงุช ุฃู ุฃู ุดูุก ุขุฎุฑุ', '2025-06-11 03:23:46.425112', 2, 189),
(164, 'ูู ุงูุญุถูุฑ ุนููู ุฏุฑุฌุงุชุ', 'ูุนูุ ุงูุญุถูุฑ ููู. ูุชุทูุจ ุฏุฎููู ุงูุงูุชุญุงู ุงูููุงุฆู ุชุญููู ูุณุจุฉ ุญุถูุฑ ูุง ุชูู ุนู 75% ูู ุงููุญุงุถุฑุงุช ูู ูู ููุฑุฑ. ุฅุฐุง ุชุฌุงูุฒุช ูุณุจุฉ ุบูุงุจู 25% ุจุฏูู ุนุฐุฑ ููุจููุ ูุฏ ูุชู ุญุฑูุงูู ูู ุฏุฎูู ุงูุงูุชุญุงู ุงูููุงุฆู ูุชุญุตู ุนูู ุฏุฑุฌุฉ \'ุตูุฑ\' ูู ุฏุฑุฌุฉ ุงูุงุฎุชุจุงุฑ ุงูููุงุฆู ููููุฑุฑ.', '2025-06-11 03:24:13.032072', 2, 189),
(165, 'ุทุจ ูู ุงูู ุงูุณุงู ุงููููุฉ', 'ุชุถู ุงููููุฉ ุณุชุฉ ุฃูุณุงู ุนูููุฉ ูู: ูุณู ุนููู ุงูุญุงุณุจุ ูุณู ูุธู ุงููุนูููุงุชุ ูุณู ุชูููููุฌูุง ุงููุนูููุงุชุ ูุณู ุงูุฐูุงุก ุงูุงุตุทูุงุนูุ ุจุงูุฅุถุงูุฉ ุฅูู ุจุฑูุงูุฌ ููุฏุณุฉ ุงูุจุฑูุฌูุงุช ูุจุฑูุงูุฌ ุงููุนูููุงุชูุฉ ุงูุทุจูุฉ (ุจุฑุงูุฌ ุจูุตุฑููุงุช).', '2025-06-11 03:24:33.696236', 2, 189),
(166, 'ุชูุงู ุดูุฑุง', 'ุนูู ุงูุฑุญุจ ูุงูุณุนุฉ! ุฅุฐุง ูุงู ูุฏูู ุฃู ุฃุณุฆูุฉ ุฃุฎุฑู ูู ุงููุณุชูุจูุ ููุง ุชุชุฑุฏุฏ ูู ุทุฑุญูุง.', '2025-06-11 03:24:50.449443', 2, 189),
(167, 'i want to know if there is an attedndence', 'Yes, students must achieve an attendance rate of at least 75% in each course.', '2025-06-11 03:26:22.557137', 2, 190),
(168, 'can u tell me what is the core courses of cs department', 'The core courses for the CS department include:\n\n*   Data Structures (CS 214) - 3 credit hours\n*   Algorithms (CS 316) - 3 credit hours\n*   Database Systems 1 (IS 211) - 3 credit hours\n*   Systems Analysis and Design 1 (I 351) - 3 credit hours\n*   Computer Networks 1 (IT 222) - 3 credit hours\n*   Operating Systems 1 (CS 241) - 3 credit hours\n*   Software Engineering 1 (CS 251) - 3 credit hours\n*   Programming 2 (CS 213) - 3 credit hours\n*   Machine Learning (AI 330) - 3 credit hours\n*   Computer Organization (CS 322) - 3 credit hours\n*   Computer Architecture 1 (IT 331) - 3 credit hours\n*   Software Engineering 2 (CS 352) - 3 credit hours\n*   Parallel Processing and High-Performance Computing (CS 471) - 3 credit hours\n*   Artificial Intelligence (AI 310) - 3 credit hours\n*   Compilers (CS 419) - 3 credit hours\n*   Theory of Computation (CS 405) - 3 credit hours\n*   Operating Systems 2 (CS 342) - 3 credit hours\n*   Distributed Systems and Cloud Computing (CS 460) - 3 credit hours\n*   Information Security and Computer Networks (IT 423) - 3 credit hours\n*   Graduation Project (CS 498) - 6 credit hours', '2025-06-11 03:26:53.271845', 2, 190),
(169, 'what about the elective courses', 'For elective courses, you can choose from various options, including:\n\n*   **General electives:** such as Arabic, English, Economy Basics (HU 121), English 3 (HU 213), Basics of Accounting (HU 323), Communication and Negotiation Skills (HU 331), Creative Thinking (HU 332), Media (HU 333), and Professional Ethics (HU 334).\n*   **Courses that serve specialization:** such as computer skills.\n*   **Courses related to personal or academic development.**\n*   **Other elective options:** Possibilities and Statistics 2 (S-122), Basics of Management (HU 122), Project Management (IS 321), Signals and Systems (IT 241), Modeling and Simulation (IS 241), Simulation Languages (IS 342), Computer Maintenance (IT 211), and Programming 3 (CS 313).\n\nPlease note that the availability of specific elective courses may vary.', '2025-06-11 03:27:26.384667', 2, 190),
(170, 'ุงููุง ูุนู', 'ุฃููุงู ุจู! ููู ูููููู ูุณุงุนุฏุชูุ ูู ูุฏูู ุฃู ุฃุณุฆูุฉ ุญูู ุฌุฏูู ุงููุญุงุถุฑุงุช ุฃู ุฃู ุดูุก ุขุฎุฑุ', '2025-06-11 03:30:33.173890', 2, 191),
(171, 'ูู ูู ุฏุฑุฌุงุช ุนูู ุงูุญุถูุฑุ', 'ูุนูุ ุงูุญุถูุฑ ููู. ูุชุทูุจ ุฏุฎููู ุงูุงูุชุญุงู ุงูููุงุฆู ุชุญููู ูุณุจุฉ ุญุถูุฑ ูุง ุชูู ุนู 75% ูู ุงููุญุงุถุฑุงุช ูู ูู ููุฑุฑ. ุฅุฐุง ุชุฌุงูุฒุช ูุณุจุฉ ุบูุงุจู 25% ุจุฏูู ุนุฐุฑ ููุจููุ ูุฏ ูุชู ุญุฑูุงูู ูู ุฏุฎูู ุงูุงูุชุญุงู ุงูููุงุฆู ูุชุญุตู ุนูู ุฏุฑุฌุฉ \'ุตูุฑ\' ูู ุฏุฑุฌุฉ ุงูุงุฎุชุจุงุฑ ุงูููุงุฆู ููููุฑุฑ.', '2025-06-11 03:30:55.815629', 2, 191),
(172, 'ุทุจ ูู ุงูู ุงูุณุงู ุงููููุฉ', 'ุชุถู ุงููููุฉ ุณุชุฉ ุฃูุณุงู ุนูููุฉ ูู: ูุณู ุนููู ุงูุญุงุณุจุ ูุณู ูุธู ุงููุนูููุงุชุ ูุณู ุชูููููุฌูุง ุงููุนูููุงุชุ ูุณู ุงูุฐูุงุก ุงูุงุตุทูุงุนูุ ุจุงูุฅุถุงูุฉ ุฅูู ุจุฑูุงูุฌ ููุฏุณุฉ ุงูุจุฑูุฌูุงุช ูุจุฑูุงูุฌ ุงููุนูููุงุชูุฉ ุงูุทุจูุฉ (ุจุฑุงูุฌ ุจูุตุฑููุงุช).', '2025-06-11 03:31:17.266928', 2, 191),
(173, 'ุชูุงู ุดูุฑุง', 'ุนูู ุงูุฑุญุจ ูุงูุณุนุฉ! ุฅุฐุง ูุงู ูุฏูู ุฃู ุฃุณุฆูุฉ ุฃุฎุฑู ูู ุงููุณุชูุจูุ ููุง ุชุชุฑุฏุฏ ูู ุทุฑุญูุง.', '2025-06-11 03:31:43.820573', 2, 191),
(174, 'i want to know if there is attendence ', 'Yes, students must achieve an attendance rate of at least 75% in each course.', '2025-06-11 03:32:47.609870', 2, 192),
(175, 'ok, can u tell me the core courses of cs department', 'The core courses for the CS department include:\n* Machine Learning (AI 330) - 3 credit hours\n* Computer Organization (CS 322) - 3 credit hours\n* Computer Architecture 1 (IT 331) - 3 credit hours\n* Software Engineering 2 (CS 352) - 3 credit hours\n* Parallel Processing and High-Performance Computing (CS 471) - 3 credit hours\n* Artificial Intelligence (AI 310) - 3 credit hours\n* Compilers (CS 419) - 3 credit hours\n* Computing Theory (CS 405) - 3 credit hours\n* Operating Systems 2 (CS 342) - 3 credit hours\n* Distributed Systems and Cloud Computing (CS 460) - 3 credit hours\n* Information Security and Computer Networks (IT 423) - 3 credit hours\n* Graduation Project (CS 498) - 6 credit hours', '2025-06-11 03:33:23.707547', 2, 192),
(176, 'ok thank u', 'You\'re welcome! If you have any more questions in the future, feel free to ask.', '2025-06-11 03:34:00.563771', 2, 192),
(177, 'hi', 'ุฃููุงู ุจู! ููู ูููููู ูุณุงุนุฏุชูุ ูู ูุฏูู ุฃู ุฃุณุฆูุฉ ุญูู ุฌุฏูู ุงููุญุงุถุฑุงุช ุฃู ุฃู ุดูุก ุขุฎุฑุ', '2025-06-11 11:22:05.156249', 1, 193),
(178, 'ูู ุนุฏุฏ ุณุงุนุงุช ุงูุชุฎุฑุฌ ', 'ููุชุฎุฑุฌุ ูุฌุจ ุนูู ุงูุทุงูุจ ุงุฌุชูุงุฒ 144 ุณุงุนุฉ ูุนุชูุฏุฉ ุจูุฌุงุญ ููุฒุนุฉ ุนูู ุซูุงููุฉ ูุตูู ุฏุฑุงุณูุฉุ ููุณูุฉ ุฅูู ุฃุฑุจุนุฉ ูุณุชููุงุช ุฏุฑุงุณูุฉ. ุงูุฏุฑุงุณุฉ ูู ุงููุณุชูููู ุงูุฃูู ูุงูุซุงูู ูุดุชุฑูุฉ ูุฌููุน ุงูุชุฎุตุตุงุช. ูุฐู ุงูุณุงุนุงุช ุชุดูู ูุชุทูุจุงุช ุนุงูุฉุ ููุชุทูุจุงุช ุงููููุฉ ุฅูู ุฌุงูุจ ูุชุทูุจุงุช ุงูุชุฎุตุต ุงูุฑุฆูุณู.', '2025-06-11 11:22:26.413627', 1, 193),
(179, 'ููุนุฏ ุงูุชูุงุก ุงูุงูุชุญุงูุงุช ููุฐุง ุงูุนุงู ', 'ููููู ุงูุงุทูุงุน ุนูู ุฌุฏูู ุงูุงูุชุญุงูุงุช ูู ุฎูุงู ุงููุธุงู ุงูุฅููุชุฑููู ููุฌุงูุนุฉ. ุณูุชู ุงูุฅุนูุงู ุนู ุงููุชุงุฆุฌ ุฎูุงู ุฃุณุจูุนูู ูู ุงูุชูุงุก ุงูุงูุชุญุงูุงุช.', '2025-06-11 15:27:57.754312', 2, 194),
(180, 'ููุชู ููุงุนูุฏ ุงูุชูุฏูู ูููุฑู ุงูุงููู ููุงูุชุญุงู ุจุงููููุฉ ', 'ููุฃุณูุ ูุง ุชูุฌุฏ ูุนูููุงุช ูุฏู ุญูู ููุงุนูุฏ ุงูุชูุฏูู ูููุฑู ุงูุฃููู ููุงูุชุญุงู ุจุงููููุฉ.', '2025-06-11 15:28:52.005727', 2, 194),
(181, 'ูุง ุงูุงูุฑุงู ุงููุทููุจู ููุทูุงุจ ุงููุชุฎุฑุฌูู ูุฅููุงุก ุฅุฌุฑุงุกุงุช ุชุฎุฑุฌูู', 'ุนุฐุฑุงูุ ูุง ุชุชุถูู ูุงุนุฏุฉ ุงูุจูุงูุงุช ูุนูููุงุช ุญูู ุงูุฃูุฑุงู ุงููุทููุจุฉ ููุทูุงุจ ุงููุชุฎุฑุฌูู ูุฅููุงุก ุฅุฌุฑุงุกุงุช ุชุฎุฑุฌูู.', '2025-06-11 15:30:10.350090', 2, 194),
(182, 'ููุงุนูุฏ ูุชุงุฆุฌ ุงูุงูุชุญุงูุงุช ุจุงููููุฉ ', 'ุณูุชู ุงูุฅุนูุงู ุนู ุงููุชุงุฆุฌ ุฎูุงู ุฃุณุจูุนูู ูู ุงูุชูุงุก ุงูุงูุชุญุงูุงุช.', '2025-06-11 15:30:48.855801', 2, 194),
(183, 'ูู ููุงู ูุธุงุฆู ุดุงุบุฑู ููุฎุฑูุฌ ููุนูุฏ ุจุงููููุฉ ', 'ูุง ุชูุฌุฏ ูุนูููุงุช ูุญุฏุฏุฉ ุญูู ุงููุธุงุฆู ุงูุดุงุบุฑุฉ ููุนูุฏ ุจุงููููุฉุ ูููู ูููู ูุฎุฑูุฌู ูุณู ุนููู ุงูุญุงุณุจ ุงูุนูู ูู ูุฌุงูุงุช ูุชููุนุฉ ูุซู ุชุทููุฑ ุงูุจุฑูุฌูุงุชุ ุชุญููู ุงูุจูุงูุงุชุ ุงูุฃูู ุงูุณูุจุฑุงููุ ุฅุฏุงุฑุฉ ููุงุนุฏ ุงูุจูุงูุงุชุ ูุชุทููุฑ ุชุทุจููุงุช ุงูููุจ ูุงูููุงุชู ุงูุฐููุฉ.', '2025-06-11 15:31:52.938707', 2, 194),
(184, 'ูุง ูู ุงูุงูุงูู ุงููุชุงุญ ุงูุนูู ุจูุง ููุฐุง ุงูุชุฎุตุต ', 'ูููู ูุฎุฑูุฌู ูุณู ุนููู ุงูุญุงุณุจ ุงูุนูู ูู ูุฌุงูุงุช ูุชููุนุฉ ูุซู ุชุทููุฑ ุงูุจุฑูุฌูุงุชุ ุชุญููู ุงูุจูุงูุงุชุ ุงูุฃูู ุงูุณูุจุฑุงููุ ุฅุฏุงุฑุฉ ููุงุนุฏ ุงูุจูุงูุงุชุ ูุชุทููุฑ ุชุทุจููุงุช ุงูููุจ ูุงูููุงุชู ุงูุฐููุฉ. ููุง ูุบุทู ุงููุณู ุชุทุจููุงุช ุนูููุฉ ูุชููุนุฉ ูุซู: ุจุฑูุฌุฉ ุชุทุจููุงุช ูุธู ุงููุนูููุงุชุ ุชุฃููุฏ ุฌูุฏุฉ ุงูุจุฑูุฌูุงุช ููุธู ุงููุนูููุงุชุ ุชุทุจููุงุช ูุธู ุงููุนูููุงุช ูู ุงููุฌุงูุงุช ุงููุฎุชููุฉุ ุงูุชุฌุงุฑุฉ ุงูุฅููุชุฑูููุฉุ ูุธู ูุนูููุงุช ุงูุดุจูุฉ ุงูุฏูููุฉ (ุงูุฅูุชุฑูุช)ุ ุจุญูุซ ุงูุนูููุงุชุ ุงูููุฐุฌุฉ ูุงููุญุงูุงุฉุ ููุฏุณุฉ ุงููุนูููุงุชุ ุงูุฃุนูุงู ุงูุฅููุชุฑูููุฉ.', '2025-06-11 15:32:40.031098', 2, 194);

-- --------------------------------------------------------

--
-- Table structure for table `cs requirements_compulsory`
--

CREATE TABLE `cs requirements_compulsory` (
  `code` varchar(255) NOT NULL,
  `course_Name_en` longtext DEFAULT NULL,
  `course_Name_ar` longtext DEFAULT NULL,
  `hours` int(11) DEFAULT NULL,
  `prerequest_en` longtext DEFAULT NULL,
  `prerequest_ar` longtext DEFAULT NULL
) ENGINE=InnoDB DEFAULT CHARSET=utf8mb4 COLLATE=utf8mb4_general_ci;

--
-- Dumping data for table `cs requirements_compulsory`
--

INSERT INTO `cs requirements_compulsory` (`code`, `course_Name_en`, `course_Name_ar`, `hours`, `prerequest_en`, `prerequest_ar`) VALUES
('AI 310', 'Artificial Intelligence', 'ุงูุฐูุงุก ุงูุงุตุทูุงุนู', 3, 'Algorithms', 'ุงูุฎูุงุฑุฒููุงุช'),
('AI 330', 'Machine Learning', 'ุชุนูู ุงูุขูุฉ', 3, 'Probability and Statistics-2', 'ุงูุงุญุชูุงูุงุช ูุงูุฅุญุตุงุก-2'),
('CS 322', 'Computer Organization', 'ุชูุธูู ุงูุญุงุณูุจ', 3, 'Logic Design', 'ุชุตููู ุงูููุทู'),
('CS 342', 'Operating Systems-2', 'ุฃูุธูุฉ ุงูุชุดุบูู-2', 3, 'Operating Systems-1', 'ุฃูุธูุฉ ุงูุชุดุบูู-1'),
('CS 352', 'Software Engineering-2', 'ููุฏุณุฉ ุงูุจุฑูุฌูุงุช-2', 3, 'Software Engineering-1', 'ููุฏุณุฉ ุงูุจุฑูุฌูุงุช-1'),
('CS 405', 'Theory of Computation', 'ูุธุฑูุฉ ุงูุญูุณุจุฉ', 3, 'Discrete Mathematics', 'ุงูุฑูุงุถูุงุช ุงููุชูุทุนุฉ'),
('CS 419', 'Compilers', 'ุงููุชุฑุฌูุงุช', 3, 'Data Structures', 'ููุงูู ุงูุจูุงูุงุช'),
('CS 460', 'Distributed systems and Cloud Computing', 'ุงูุฃูุธูุฉ ุงูููุฒุนุฉ ูุงูุญูุณุจุฉ ุงูุณุญุงุจูุฉ', 3, 'Computer Networks-1', 'ุดุจูุงุช ุงูุญุงุณูุจ-1'),
('CS 471', 'Parallel Processing and high Performance Computing', 'ุงููุนุงูุฌุฉ ุงููุชูุงุฒูุฉ ูุงูุญูุณุจุฉ ุนุงููุฉ ุงูุฃุฏุงุก', 3, 'Operating Systems-1', 'ุฃูุธูุฉ ุงูุชุดุบูู-1'),
('CS 498', 'Project', 'ูุดุฑูุน ุงูุชุฎุฑุฌ', 6, 'Software Engineering-1', 'ููุฏุณุฉ ุงูุจุฑูุฌูุงุช-1'),
('IT 331', 'Computer Graphics-1', 'ุฑุณูููุงุช ุงูุญุงุณูุจ-1', 3, 'Programming-1', 'ุจุฑูุฌุฉ-1'),
('IT 423', 'Information and Computer Networks Security', 'ุฃูู ุงููุนูููุงุช ูุดุจูุงุช ุงูุญุงุณูุจ', 3, 'Computer Networks-1', 'ุดุจูุงุช ุงูุญุงุณูุจ-1');

-- --------------------------------------------------------

--
-- Table structure for table `cs requirements_electives`
--

CREATE TABLE `cs requirements_electives` (
  `code` varchar(255) NOT NULL,
  `course_Name_en` longtext DEFAULT NULL,
  `course_Name_ar` longtext DEFAULT NULL,
  `hours` int(11) DEFAULT NULL,
  `prerequest_en` longtext DEFAULT NULL,
  `prerequest_ar` longtext DEFAULT NULL
) ENGINE=InnoDB DEFAULT CHARSET=utf8mb4 COLLATE=utf8mb4_general_ci;

--
-- Dumping data for table `cs requirements_electives`
--

INSERT INTO `cs requirements_electives` (`code`, `course_Name_en`, `course_Name_ar`, `hours`, `prerequest_en`, `prerequest_ar`) VALUES
('AI 335', 'Neural Networks & deep learning', 'ุงูุดุจูุงุช ุงูุนุตุจูุฉ ูุงูุชุนูู ุงูุนููู', 3, 'Machine Learning', 'ุชุนูู ุงูุขูุฉ'),
('AI 350', 'Data Visualization', 'ุชุตููุฑ ุงูุจูุงูุงุช', 3, 'Probability and Statistics-2', 'ุงูุงุญุชูุงูุงุช ูุงูุฅุญุตุงุก-2'),
('AI 360', 'Natural Language Processing', 'ูุนุงูุฌุฉ ุงููุบุงุช ุงูุทุจูุนูุฉ', 3, 'Artificial Intelligence', 'ุงูุฐูุงุก ุงูุงุตุทูุงุนู'),
('AI 380', 'Human Computer Interaction', 'ุงูุชูุงุนู ุจูู ุงูุฅูุณุงู ูุงูุญุงุณูุจ', 3, 'Artificial Intelligence', 'ุงูุฐูุงุก ุงูุงุตุทูุงุนู'),
('CS 410', 'Concepts of Programming Languages', 'ููุงููู ูุบุงุช ุงูุจุฑูุฌุฉ', 3, 'Programming-1', 'ุจุฑูุฌุฉ-1'),
('CS 416', 'Advanced Algorithms', 'ุงูุฎูุงุฑุฒููุงุช ุงููุชูุฏูุฉ', 3, 'Algorithms', 'ุงูุฎูุงุฑุฒููุงุช'),
('CS 480', 'Cryptography', 'ุนูู ุงูุชุดููุฑ', 3, 'Probability and Statistics-1', 'ุงูุงุญุชูุงูุงุช ูุงูุฅุญุตุงุก-1'),
('CS 496', 'Selected Topics in Computer Science', 'ููุถูุนุงุช ูุฎุชุงุฑุฉ ูู ุนููู ุงูุญุงุณูุจ', 3, '-', '-'),
('IS 312', 'Database Systems-2', 'ูุธู ููุงุนุฏ ุงูุจูุงูุงุช-2', 3, 'Database Systems-1', 'ูุธู ููุงุนุฏ ุงูุจูุงูุงุช-1'),
('IS 434', 'Quality Assurance of Information Systems and Programming', 'ุถูุงู ุงูุฌูุฏุฉ ูู ูุธู ุงููุนูููุงุช ูุงูุจุฑูุฌุฉ', 3, 'System Analysis and Design-1', 'ุชุญููู ูุชุตููู ุงููุธู-1'),
('IT 312', 'Microprocessors', 'ุงููุนุงูุฌุงุช ุงูุฏูููุฉ', 3, 'Logic Design', 'ุชุตููู ุงูููุทู'),
('IT 342', 'Pattern Recognitions', 'ุชูููุฒ ุงูุฃููุงุท', 3, '-', '-'),
('IT 414', 'Embedded Systems', 'ุงูุฃูุธูุฉ ุงููุถููุฉ', 3, 'Microprocessors', 'ุงููุนุงูุฌุงุช ุงูุฏูููุฉ'),
('IT 433', 'Multimedia', 'ุงููุณุงุฆุท ุงููุชุนุฏุฏุฉ', 3, 'Programming-1', 'ุจุฑูุฌุฉ-1'),
('IT 441', 'Image processing-1', 'ูุนุงูุฌุฉ ุงูุตูุฑ-1', 3, 'Signals and Systems', 'ุงูุฅุดุงุฑุงุช ูุงูุฃูุธูุฉ'),
('IT 444', 'Computer Vision', 'ุฑุคูุฉ ุงูุญุงุณูุจ', 3, 'Algorithms', 'ุงูุฎูุงุฑุฒููุงุช');

-- --------------------------------------------------------

--
-- Table structure for table `faculty requirements_compulsory`
--

CREATE TABLE `faculty requirements_compulsory` (
  `code` varchar(255) NOT NULL,
  `course_Name_en` longtext DEFAULT NULL,
  `course_Name_ar` longtext DEFAULT NULL,
  `hours` int(11) DEFAULT NULL,
  `prerequest_en` longtext DEFAULT NULL,
  `prerequest_ar` longtext DEFAULT NULL
) ENGINE=InnoDB DEFAULT CHARSET=utf8mb4 COLLATE=utf8mb4_general_ci;

--
-- Dumping data for table `faculty requirements_compulsory`
--

INSERT INTO `faculty requirements_compulsory` (`code`, `course_Name_en`, `course_Name_ar`, `hours`, `prerequest_en`, `prerequest_ar`) VALUES
('CS 111', 'Introduction to Computers', 'ููุฏูุฉ ูู ุงูุญุงุณุจุงุช', 3, '-', '-'),
('CS 112', 'Programming-1', 'ุจุฑูุฌุฉ 1', 3, 'Introduction to Computers', 'ููุฏูุฉ ูู ุงูุญุงุณูุจ'),
('CS 213', 'Programming-2', 'ุจุฑูุฌุฉ 2', 3, 'Programming-1', 'ุจุฑูุฌุฉ 1'),
('CS 214', 'Data Structures', 'ููุงูู ุงูุจูุงูุงุช', 3, 'Programming-1', 'ุจุฑูุฌุฉ 1'),
('CS 221', 'Logic Design', 'ุชุตููู ููุทูู', 3, '-', '-'),
('CS 241', 'Operating Systems-1', 'ูุธู ุงูุชุดุบูู 1', 3, 'Programming-1', 'ุจุฑูุฌุฉ 1'),
('CS 251', 'Software Engineering-1', 'ููุฏุณุฉ ุงูุจุฑูุฌูุงุช 1', 3, 'Programming-1', 'ุจุฑูุฌุฉ 1'),
('CS 316', 'Algorithms', 'ุงูุฎูุงุฑุฒููุงุช', 3, 'Data Structures', 'ููุงูู ุงูุจูุงูุงุช'),
('IS 211', 'Database Systems-1', 'ูุธู ููุงุนุฏ ุงูุจูุงูุงุช 1', 3, '-', '-'),
('IS 231', 'Fundamentals of Information Systems', 'ุฃุณุงุณูุงุช ูุธู ุงููุนูููุงุช', 3, '-', '-'),
('IS 240', 'Operations Research', 'ุจุญูุซ ุงูุนูููุงุช', 3, '-', '-'),
('IS 351', 'System Analysis and Design-1', 'ุชุญููู ูุชุตููู ูุธู ุงููุนูููุงุช 1', 3, 'Fundamentals of Information Systems', 'ุฃุณุงุณูุงุช ูุธู ุงููุนูููุงุช'),
('IT 111', 'Electronics-1', 'ุฅููุชุฑูููุงุช 1', 3, '-', '-'),
('IT 221', 'Data Communication', 'ุชุฑุงุณู ุงูุจูุงูุงุช', 3, 'Probability and Statistics-1', 'ุงุญุชูุงูุงุช ูุฅุญุตุงุก 1'),
('IT 222', 'Computer Networks-1', 'ุดุจูุงุช ุงูุญุงุณูุจ 1', 3, 'Database Systems-1', 'ูุธู ููุงุนุฏ ุงูุจูุงูุงุช 1'),
('IT 223', 'Internet Technology', 'ุชูููููุฌูุง ุงูุฅูุชุฑูุช', 3, '-', '-'),
('MA 111', 'Mathematics-1', 'ุฑูุงุถูุงุช 1', 3, '-', '-'),
('MA 112', 'Discrete Mathematics', 'ุชุฑุงููุจ ูุญุฏุฏุฉ', 3, '-', '-'),
('MA 113', 'Mathematicsโ2', 'ุฑูุงุถูุงุช 2', 3, 'Mathematics-1', 'ุฑูุงุถูุงุช 1'),
('PH 111', 'Physics', 'ุงูููุฒูุงุก', 3, '-', '-'),
('ST 121', 'Probability and Statistics-1', 'ุงุญุตุงุก ูุงุญุชูุงูุงุช 1', 3, '-', '-');

-- --------------------------------------------------------

--
-- Table structure for table `faculty requirements_electives`
--

CREATE TABLE `faculty requirements_electives` (
  `code` varchar(255) NOT NULL,
  `course_Name_en` longtext DEFAULT NULL,
  `course_Name_ar` longtext DEFAULT NULL,
  `hours` int(11) DEFAULT NULL,
  `prerequest_en` longtext DEFAULT NULL,
  `prerequest_ar` longtext DEFAULT NULL
) ENGINE=InnoDB DEFAULT CHARSET=utf8mb4 COLLATE=utf8mb4_general_ci;

--
-- Dumping data for table `faculty requirements_electives`
--

INSERT INTO `faculty requirements_electives` (`code`, `course_Name_en`, `course_Name_ar`, `hours`, `prerequest_en`, `prerequest_ar`) VALUES
('CS 313', 'Programming-3', 'ุจุฑูุฌุฉ 3', 3, 'Programming-2', 'ุจุฑูุฌุฉ 2'),
('HU 122', 'Fundamentals of Management', 'ูุจุงุฏุฆ ุงูุฅุฏุงุฑุฉ', 3, '-', '-'),
('IS 241', 'Modeling and Simulation', 'ุงูููุฐุฌุฉ ูุงููุญุงูุงุฉ', 3, '-', '-'),
('IS 321', 'Projects Management', 'ุฅุฏุงุฑุฉ ุงููุดุงุฑูุน', 3, 'Operations Research', 'ุจุญูุซ ุงูุนูููุงุช'),
('IS 342', 'Simulation Languages', 'ูุบุงุช ุงููุญุงูุงุฉ', 3, 'Modeling and Simulation', 'ุงูููุฐุฌุฉ ูุงููุญุงูุงุฉ'),
('IT 211', 'Computer Maintenance', 'ุตูุงูุฉ ุงูุญุงุณูุจ', 3, '-', '-'),
('IT 241', 'Signals and Systems', 'ุงูุฅุดุงุฑุงุช ูุงูุฃูุธูุฉ', 3, 'Mathematics-2', 'ุฑูุงุถูุงุช 2'),
('ST 122', 'Probability and Statistics-2', 'ุงุญุชูุงูุงุช ูุฅุญุตุงุก 2', 3, 'Probability and Statistics-1', 'ุงุญุชูุงูุงุช ูุฅุญุตุงุก 1');

-- --------------------------------------------------------

--
-- Table structure for table `files`
--

CREATE TABLE `files` (
  `FileId` int(11) NOT NULL,
  `FileName` longtext DEFAULT NULL,
  `FilePath` longtext DEFAULT NULL,
  `CreatedAt` datetime(6) NOT NULL,
  `ChatId` int(11) DEFAULT NULL,
  `StudentId` int(11) DEFAULT NULL
) ENGINE=InnoDB DEFAULT CHARSET=utf8mb4 COLLATE=utf8mb4_general_ci;

--
-- Dumping data for table `files`
--

INSERT INTO `files` (`FileId`, `FileName`, `FilePath`, `CreatedAt`, `ChatId`, `StudentId`) VALUES
(11, 'Backend Documentation.pdf', 'C:\\Users\\Hp\\Source\\Repos\\finalProject\\finalProject\\wwwroot\\uploads\\Backend Documentation.pdf', '2025-06-07 04:37:01.269543', 2, 1),
(12, 'Backend Documentation.pdf', 'D:\\Sites\\site12635\\wwwroot\\wwwroot\\uploads\\Backend Documentation.pdf', '2025-06-07 05:06:04.506228', 2, 1),
(13, 'Backend Documentation.pdf', 'D:\\Sites\\site12635\\wwwroot\\wwwroot\\uploads\\Backend Documentation.pdf', '2025-06-08 16:35:22.165812', 2, 1),
(18, 'ูุณุฎุฉ_ููุณูุฉ_ุจุงููุฑุงูุง.pdf', 'D:\\Sites\\site12635\\wwwroot\\wwwroot\\uploads\\ูุณุฎุฉ_ููุณูุฉ_ุจุงููุฑุงูุง.pdf', '2025-06-09 01:02:10.748816', 2, 1),
(19, 'Grad_Project_Report.pdf', 'D:\\Sites\\site12635\\wwwroot\\wwwroot\\uploads\\Grad_Project_Report.pdf', '2025-06-09 01:13:17.682667', 6, 2),
(20, 'ACADEMIC GUdance.pdf', 'D:\\Sites\\site12635\\wwwroot\\wwwroot\\uploads\\ACADEMIC GUdance.pdf', '2025-06-09 22:05:02.649573', 8, 2),
(21, 'ACADEMIC GUdance.pdf', 'D:\\Sites\\site12635\\wwwroot\\wwwroot\\uploads\\ACADEMIC GUdance.pdf', '2025-06-09 22:35:41.518475', 11, 2),
(22, 'Backend-documentation.pdf', 'D:\\Sites\\site12635\\wwwroot\\wwwroot\\uploads\\Backend-documentation.pdf', '2025-06-09 22:59:06.735332', 13, 1),
(23, '1-introduction-to-ethical-hacking.pdf', 'D:\\Sites\\site12635\\wwwroot\\wwwroot\\uploads\\1-introduction-to-ethical-hacking.pdf', '2025-06-09 23:08:08.413909', 15, 2),
(24, 'Paper.pdf', 'D:\\Sites\\site12635\\wwwroot\\wwwroot\\uploads\\Paper.pdf', '2025-06-10 19:30:35.266513', 16, 1),
(25, 'ุงุณุชูุงุฑุฉ  ุฌูุงุนูุฉ-ูุฑุฏูุฉ ุญุถูุฑ ูุดุฑูุน ุชุฎุฑุฌ.pdf', 'D:\\Sites\\site12635\\wwwroot\\wwwroot\\uploads\\ุงุณุชูุงุฑุฉ  ุฌูุงุนูุฉ-ูุฑุฏูุฉ ุญุถูุฑ ูุดุฑูุน ุชุฎุฑุฌ.pdf', '2025-06-10 23:16:15.304152', 19, 2),
(26, '1-introduction-to-ethical-hacking.pdf', 'D:\\Sites\\site12635\\wwwroot\\wwwroot\\uploads\\1-introduction-to-ethical-hacking.pdf', '2025-06-11 03:36:41.583904', 21, 2),
(27, '1-introduction-to-ethical-hacking.pdf', 'D:\\Sites\\site12635\\wwwroot\\wwwroot\\uploads\\1-introduction-to-ethical-hacking.pdf', '2025-06-11 03:54:55.470295', 24, 2),
(28, 'ASP-Final Project_f3a5111ed5b76dc6c2855ee47490be3d.pdf', 'D:\\Sites\\site12635\\wwwroot\\wwwroot\\uploads\\ASP-Final Project_f3a5111ed5b76dc6c2855ee47490be3d.pdf', '2025-06-11 05:40:35.629049', 27, 1),
(29, 'Paper.pdf', 'D:\\Sites\\site12635\\wwwroot\\wwwroot\\uploads\\Paper.pdf', '2025-06-11 07:09:29.781888', 28, 1),
(30, '1-introduction-to-ethical-hacking.pdf', 'D:\\Sites\\site12635\\wwwroot\\wwwroot\\uploads\\1-introduction-to-ethical-hacking.pdf', '2025-06-11 07:48:19.269538', 29, 2),
(31, '1-introduction-to-ethical-hacking.pdf', 'D:\\Sites\\site12635\\wwwroot\\wwwroot\\uploads\\1-introduction-to-ethical-hacking.pdf', '2025-06-11 07:55:31.236827', 29, 2),
(32, '1-introduction-to-ethical-hacking.pdf', 'D:\\Sites\\site12635\\wwwroot\\wwwroot\\uploads\\1-introduction-to-ethical-hacking.pdf', '2025-06-11 07:57:39.370269', 29, 2),
(33, 'ุงุณุชูุงุฑุฉ  ุฌูุงุนูุฉ-ูุฑุฏูุฉ ุญุถูุฑ ูุดุฑูุน ุชุฎุฑุฌ.pdf', 'C:\\Users\\Hp\\Source\\Repos\\finalProject\\finalProject\\wwwroot\\uploads\\ุงุณุชูุงุฑุฉ  ุฌูุงุนูุฉ-ูุฑุฏูุฉ ุญุถูุฑ ูุดุฑูุน ุชุฎุฑุฌ.pdf', '2025-06-11 08:13:43.523635', 30, 1),
(34, '1-introduction-to-ethical-hacking.pdf', 'D:\\Sites\\site12635\\wwwroot\\wwwroot\\uploads\\1-introduction-to-ethical-hacking.pdf', '2025-06-11 08:14:47.307308', 29, 2),
(35, '1-introduction-to-ethical-hacking.pdf', 'D:\\Sites\\site12635\\wwwroot\\wwwroot\\uploads\\1-introduction-to-ethical-hacking.pdf', '2025-06-11 08:24:32.028665', 29, 2),
(36, '1-introduction-to-ethical-hacking.pdf', 'D:\\Sites\\site12635\\wwwroot\\wwwroot\\uploads\\1-introduction-to-ethical-hacking.pdf', '2025-06-11 08:38:53.438084', 29, 2),
(37, '1-introduction-to-ethical-hacking.pdf', 'D:\\Sites\\site12635\\wwwroot\\wwwroot\\uploads\\1-introduction-to-ethical-hacking.pdf', '2025-06-11 08:46:26.345945', 29, 2),
(38, 'ุงุณุชูุงุฑุฉ  ุฌูุงุนูุฉ-ูุฑุฏูุฉ ุญุถูุฑ ูุดุฑูุน ุชุฎุฑุฌ.pdf', 'C:\\Users\\Hp\\Source\\Repos\\finalProject\\finalProject\\wwwroot\\uploads\\ุงุณุชูุงุฑุฉ  ุฌูุงุนูุฉ-ูุฑุฏูุฉ ุญุถูุฑ ูุดุฑูุน ุชุฎุฑุฌ.pdf', '2025-06-11 08:53:47.083461', 30, 1),
(39, '1-introduction-to-ethical-hacking.pdf', 'D:\\Sites\\site12635\\wwwroot\\wwwroot\\uploads\\1-introduction-to-ethical-hacking.pdf', '2025-06-11 08:56:13.649049', 29, 2),
(40, '1-introduction-to-ethical-hacking.pdf', 'D:\\Sites\\site12635\\wwwroot\\wwwroot\\uploads\\1-introduction-to-ethical-hacking.pdf', '2025-06-11 08:58:29.924193', 29, 2),
(41, '1-introduction-to-ethical-hacking.pdf', 'D:\\Sites\\site12635\\wwwroot\\wwwroot\\uploads\\1-introduction-to-ethical-hacking.pdf', '2025-06-11 08:59:28.966186', 29, 2),
(42, '1-introduction-to-ethical-hacking.pdf', 'D:\\Sites\\site12635\\wwwroot\\wwwroot\\uploads\\1-introduction-to-ethical-hacking.pdf', '2025-06-11 09:07:06.471977', 29, 2),
(43, '1-introduction-to-ethical-hacking.pdf', 'D:\\Sites\\site12635\\wwwroot\\wwwroot\\uploads\\1-introduction-to-ethical-hacking.pdf', '2025-06-11 09:13:09.874376', 31, 2),
(44, '1-introduction-to-ethical-hacking.pdf', 'D:\\Sites\\site12635\\wwwroot\\wwwroot\\uploads\\1-introduction-to-ethical-hacking.pdf', '2025-06-11 09:18:45.097042', 31, 2),
(45, '1-introduction-to-ethical-hacking.pdf', 'D:\\Sites\\site12635\\wwwroot\\wwwroot\\uploads\\1-introduction-to-ethical-hacking.pdf', '2025-06-11 09:30:57.608731', 31, 2),
(46, 'Database_Tables_Documentation.pdf', 'C:\\Users\\Hp\\Source\\Repos\\finalProject\\finalProject\\wwwroot\\uploads\\Database_Tables_Documentation.pdf', '2025-06-11 09:51:27.846610', 30, 1),
(47, '1-introduction-to-ethical-hacking.pdf', 'D:\\Sites\\site12635\\wwwroot\\wwwroot\\uploads\\1-introduction-to-ethical-hacking.pdf', '2025-06-11 09:58:37.482575', 32, 2),
(48, '1-introduction-to-ethical-hacking.pdf', 'D:\\Sites\\site12635\\wwwroot\\wwwroot\\uploads\\1-introduction-to-ethical-hacking.pdf', '2025-06-11 10:18:29.882425', 33, 2),
(49, 'AbdullahMahmoudResume (1).pdf.pdf', 'D:\\Sites\\site12635\\wwwroot\\wwwroot\\uploads\\AbdullahMahmoudResume (1).pdf.pdf', '2025-06-11 10:26:20.563669', 34, 1),
(50, 'AbdullahMahmoudResume (1).pdf.pdf', 'D:\\Sites\\site12635\\wwwroot\\wwwroot\\uploads\\AbdullahMahmoudResume (1).pdf.pdf', '2025-06-11 11:23:40.500338', 35, 1),
(51, '1-introduction-to-ethical-hacking.pdf', 'D:\\Sites\\site12635\\wwwroot\\wwwroot\\uploads\\1-introduction-to-ethical-hacking.pdf', '2025-06-11 18:56:57.801915', 36, 2);

-- --------------------------------------------------------

--
-- Table structure for table `general requirements_compulsory`
--

CREATE TABLE `general requirements_compulsory` (
  `code` varchar(255) NOT NULL,
  `course_Name_en` longtext DEFAULT NULL,
  `course_Name_ar` longtext DEFAULT NULL,
  `hours` int(11) DEFAULT NULL,
  `prerequest_en` longtext DEFAULT NULL,
  `prerequest_ar` longtext DEFAULT NULL
) ENGINE=InnoDB DEFAULT CHARSET=utf8mb4 COLLATE=utf8mb4_general_ci;

--
-- Dumping data for table `general requirements_compulsory`
--

INSERT INTO `general requirements_compulsory` (`code`, `course_Name_en`, `course_Name_ar`, `hours`, `prerequest_en`, `prerequest_ar`) VALUES
('HU 111', 'English-1', 'ุงููุบุฉ ุงูุฅูุฌููุฒูุฉ 1', 2, '-', '-'),
('HU 112', 'English-2', 'ุงููุบุฉ ุงูุฅูุฌููุฒูุฉ 2', 2, 'English-1', 'ุงููุบุฉ ุงูุฅูุฌููุฒูุฉ 1'),
('HU 313', 'Human Rights', 'ุญููู ุงูุฅูุณุงู ู ููุงูุญุฉ ุงููุณุงุฏ', 2, '-', '-');

-- --------------------------------------------------------

--
-- Table structure for table `general requirements_electives`
--

CREATE TABLE `general requirements_electives` (
  `code` varchar(255) NOT NULL,
  `course_Name_en` longtext DEFAULT NULL,
  `course_Name_ar` longtext DEFAULT NULL,
  `hours` int(11) DEFAULT NULL,
  `prerequest_en` longtext DEFAULT NULL,
  `prerequest_ar` longtext DEFAULT NULL
) ENGINE=InnoDB DEFAULT CHARSET=utf8mb4 COLLATE=utf8mb4_general_ci;

--
-- Dumping data for table `general requirements_electives`
--

INSERT INTO `general requirements_electives` (`code`, `course_Name_en`, `course_Name_ar`, `hours`, `prerequest_en`, `prerequest_ar`) VALUES
('HU 121', 'Fundamentals of Economics', 'ูุจุงุฏุฆ ุงูุงูุชุตุงุฏ', 3, '-', '-'),
('HU 213', 'English-3', 'ุงููุบุฉ ุงูุฅูุฌููุฒูุฉ 3', 3, 'English-2', 'ุงููุบุฉ ุงูุฅูุฌููุฒูุฉ 2'),
('HU 323', 'Fundamentals of Accounting', 'ูุจุงุฏุฆ ุงููุญุงุณุจุฉ', 3, '-', '-'),
('HU 331', 'Communication & Negotiation Skills', 'ููุงุฑุงุช ุงูุชูุงูุถ ูุงูุงุชุตุงู', 3, '-', '-'),
('HU 332', 'Creative Thinking', 'ุงูุชูููุฑ ุงูุฅุจุฏุงุนู', 3, '-', '-'),
('HU 333', 'Mass Communication', 'ุงูุฅุนูุงู', 3, '-', '-'),
('HU 334', 'Professional Ethics', 'ุงูุฃุฎูุงููุงุช ุงูููููุฉ', 3, '-', '-');

-- --------------------------------------------------------

--
-- Table structure for table `is requirements_compulsory`
--

CREATE TABLE `is requirements_compulsory` (
  `code` varchar(255) NOT NULL,
  `course_Name_en` longtext DEFAULT NULL,
  `course_Name_ar` longtext DEFAULT NULL,
  `hours` int(11) DEFAULT NULL,
  `prerequest_en` longtext DEFAULT NULL,
  `prerequest_ar` longtext DEFAULT NULL
) ENGINE=InnoDB DEFAULT CHARSET=utf8mb4 COLLATE=utf8mb4_general_ci;

--
-- Dumping data for table `is requirements_compulsory`
--

INSERT INTO `is requirements_compulsory` (`code`, `course_Name_en`, `course_Name_ar`, `hours`, `prerequest_en`, `prerequest_ar`) VALUES
('IS 313', 'Data Storage and Retrieval', 'ุชุฎุฒูู ูุงุณุชุฑุฌุงุน ุงูุจูุงูุงุช', 3, 'Database Systems-1', 'ุฃูุธูุฉ ููุงุนุฏ ุงูุจูุงูุงุช 1'),
('IS 333', 'Management Information Systems', 'ุฃูุธูุฉ ูุนูููุงุช ุงูุฅุฏุงุฑุฉ', 3, 'Fundamentals of Information Systems', 'ุฃุณุงุณูุงุช ูุธู ุงููุนูููุงุช'),
('IS 345', 'Internet Applications', 'ุชุทุจููุงุช ุงูุฅูุชุฑูุช', 3, 'Internet Technology', 'ุชูููุงุช ุงูุฅูุชุฑูุช'),
('IS 350', 'Business intelligence and data Analytical', 'ุฐูุงุก ุงูุฃุนูุงู ูุชุญููู ุงูุจูุงูุงุช', 3, 'Probability and Statistics-2', 'ุงูุงุญุชูุงูุงุช ูุงูุฅุญุตุงุก 2'),
('IS 352', 'Analysis and Design of Information Systems-2', 'ุชุญููู ูุชุตููู ูุธู ุงููุนูููุงุช-2', 3, 'System Analysis and Design-1', 'ุชุญููู ูุชุตููู ุงููุธู-1'),
('IS 360', 'Introduction to Data Science', 'ููุฏูุฉ ูู ุนููู ุงูุจูุงูุงุช', 3, 'Database Systems-2', 'ุฃูุธูุฉ ููุงุนุฏ ุงูุจูุงูุงุช 2'),
('IS 365', 'Big Data Technologies', 'ุชูููุงุช ุงูุจูุงูุงุช ุงูุถุฎูุฉ', 3, 'Database Systems-1', 'ุฃูุธูุฉ ููุงุนุฏ ุงูุจูุงูุงุช 1'),
('IS 414', 'Information Systems Security', 'ุฃูู ูุธู ุงููุนูููุงุช', 3, 'Database Systems-1', 'ุฃูุธูุฉ ููุงุนุฏ ุงูุจูุงูุงุช 1'),
('IS 448', 'Knowledge base management', 'ุฅุฏุงุฑุฉ ููุงุนุฏ ุงููุนุฑูุฉ', 3, 'Database Systems-2', 'ุฃูุธูุฉ ููุงุนุฏ ุงูุจูุงูุงุช 2'),
('IS 451', 'Decision Support Systems', 'ูุธู ุฏุนู ุงููุฑุงุฑ', 3, 'Fundamentals of Information Systems', 'ุฃุณุงุณูุงุช ูุธู ุงููุนูููุงุช'),
('IS 498', 'Project', 'ูุดุฑูุน', 6, 'System Analysis and Design-1', 'ุชุญููู ูุชุตููู ุงููุธู-1'),
('IT 311', 'Database Systems-2', 'ุฃูุธูุฉ ููุงุนุฏ ุงูุจูุงูุงุช 2', 3, 'Database Systems-1', 'ุฃูุธูุฉ ููุงุนุฏ ุงูุจูุงูุงุช 1');

-- --------------------------------------------------------

--
-- Table structure for table `is requirements_electives`
--

CREATE TABLE `is requirements_electives` (
  `code` varchar(255) NOT NULL,
  `course_Name_en` longtext DEFAULT NULL,
  `course_Name_ar` longtext DEFAULT NULL,
  `hours` int(11) DEFAULT NULL,
  `prerequest_en` longtext DEFAULT NULL,
  `prerequest_ar` longtext DEFAULT NULL
) ENGINE=InnoDB DEFAULT CHARSET=utf8mb4 COLLATE=utf8mb4_general_ci;

--
-- Dumping data for table `is requirements_electives`
--

INSERT INTO `is requirements_electives` (`code`, `course_Name_en`, `course_Name_ar`, `hours`, `prerequest_en`, `prerequest_ar`) VALUES
('AI 310', 'Artificial Intelligence', 'ุงูุฐูุงุก ุงูุงุตุทูุงุนู', 3, 'Algorithms', 'ุงูุฎูุงุฑุฒููุงุช'),
('CS 352', 'Software Engineering -2', 'ููุฏุณุฉ ุงูุจุฑูุฌูุงุช - 2', 3, 'Software Engineering -1', 'ููุฏุณุฉ ุงูุจุฑูุฌูุงุช - 1'),
('IS 334', 'Accounting Information Systems', 'ูุธู ูุนูููุงุช ุงููุญุงุณุจุฉ', 3, 'Fundamentals of Information Systems', 'ุฃุณุงุณูุงุช ูุธู ุงููุนูููุงุช'),
('IS 415', 'Object Oriented Database', 'ููุงุนุฏ ุงูุจูุงูุงุช ุงูููุฌูุฉ ูููุงุฆูุงุช', 3, 'Database Systems โ 1', 'ุฃูุธูุฉ ููุงุนุฏ ุงูุจูุงูุงุช 1'),
('IS 416', 'Distributed Database', 'ููุงุนุฏ ุงูุจูุงูุงุช ุงูููุฒุนุฉ', 3, 'Database Systems โ 1', 'ุฃูุธูุฉ ููุงุนุฏ ุงูุจูุงูุงุช 1'),
('IS 421', 'Data Mining', 'ุชูููุจ ุงูุจูุงูุงุช', 3, 'Database Systems โ 1', 'ุฃูุธูุฉ ููุงุนุฏ ุงูุจูุงูุงุช 1'),
('IS 422', 'Data Warehousing', 'ูุณุชูุฏุนุงุช ุงูุจูุงูุงุช', 3, 'Database Systems โ 1', 'ุฃูุธูุฉ ููุงุนุฏ ุงูุจูุงูุงุช 1'),
('IS 434', 'Quality Assurance of Information Systems and Programming', 'ุถูุงู ุฌูุฏุฉ ูุธู ุงููุนูููุงุช ูุงูุจุฑูุฌุฉ', 3, 'Analysis and Design of Information Systems-2', 'ุชุญููู ูุชุตููู ูุธู ุงููุนูููุงุช-2'),
('IS 435', 'Information Centers Management', 'ุฅุฏุงุฑุฉ ูุฑุงูุฒ ุงููุนูููุงุช', 3, '-', '-'),
('IS 441', 'Intelligent Information Systems', 'ูุธู ุงููุนูููุงุช ุงูุฐููุฉ', 3, 'Artificial Intelligence', 'ุงูุฐูุงุก ุงูุงุตุทูุงุนู'),
('IS 442', 'E-Commerce', 'ุงูุชุฌุงุฑุฉ ุงูุฅููุชุฑูููุฉ', 3, 'Internet Applications', 'ุชุทุจููุงุช ุงูุฅูุชุฑูุช'),
('IS 443', 'Geographical Information Systems', 'ูุธู ุงููุนูููุงุช ุงูุฌุบุฑุงููุฉ', 3, 'Database Systems โ 1', 'ุฃูุธูุฉ ููุงุนุฏ ุงูุจูุงูุงุช 1'),
('IS 444', 'Multimedia Information Systems', 'ูุธู ูุนูููุงุช ุงููุณุงุฆุท ุงููุชุนุฏุฏุฉ', 3, 'Database Systems โ 1', 'ุฃูุธูุฉ ููุงุนุฏ ุงูุจูุงูุงุช 1'),
('IS 450', 'Software testing and integration', 'ุงุฎุชุจุงุฑ ุงูุจุฑูุฌูุงุช ูุงูุชูุงูู', 3, 'Analysis and Design of Information Systems-2', 'ุชุญููู ูุชุตููู ูุธู ุงููุนูููุงุช-2'),
('IS 453', 'Information Systems Development Methodologies', 'ูููุฌูุงุช ุชุทููุฑ ูุธู ุงููุนูููุงุช', 3, 'Analysis and Design of Information Systems-2', 'ุชุญููู ูุชุตููู ูุธู ุงููุนูููุงุช-2'),
('IS 455', 'Software Quality Assurance and Testing', 'ุถูุงู ุฌูุฏุฉ ูุงุฎุชุจุงุฑ ุงูุจุฑูุฌูุงุช', 3, 'Fundamentals of Information Systems', 'ุฃุณุงุณูุงุช ูุธู ุงููุนูููุงุช'),
('IS 460', 'Introduction to deep learning', 'ููุฏูุฉ ูู ุงูุชุนูู ุงูุนููู', 3, 'Knowledge base management', 'ุฅุฏุงุฑุฉ ููุงุนุฏ ุงููุนุฑูุฉ'),
('IS 496', 'Selected Topics in Information Systems', 'ููุงุถูุน ูุฎุชุงุฑุฉ ูู ูุธู ุงููุนูููุงุช', 3, 'Level 4', 'ุงููุณุชูู 4'),
('IT 423', 'Information and Computer Networks Security', 'ุฃูู ุงููุนูููุงุช ูุดุจูุงุช ุงูุญุงุณูุจ', 3, 'Computers Network -1', 'ุดุจูุงุช ุงูุญุงุณูุจ - 1');

-- --------------------------------------------------------

--
-- Table structure for table `it requirements_compulsory`
--

CREATE TABLE `it requirements_compulsory` (
  `code` varchar(255) NOT NULL,
  `course_Name_en` longtext DEFAULT NULL,
  `course_Name_ar` longtext DEFAULT NULL,
  `hours` int(11) DEFAULT NULL,
  `prerequest_en` longtext DEFAULT NULL,
  `prerequest_ar` longtext DEFAULT NULL
) ENGINE=InnoDB DEFAULT CHARSET=utf8mb4 COLLATE=utf8mb4_general_ci;

--
-- Dumping data for table `it requirements_compulsory`
--

INSERT INTO `it requirements_compulsory` (`code`, `course_Name_en`, `course_Name_ar`, `hours`, `prerequest_en`, `prerequest_ar`) VALUES
('AI 310', 'Artificial Intelligence', 'ุงูุฐูุงุก ุงูุงุตุทูุงุนู', 3, 'Algorithms', 'ุงูุฎูุงุฑุฒููุงุช'),
('IT 311', 'Computer Architecture', 'ููุฏุณุฉ ุงูุญุงุณูุจ', 3, 'Logic Design', 'ุชุตููู ุงูููุทู'),
('IT 321', 'Communication Technology', 'ุชูููุฉ ุงูุงุชุตุงูุงุช', 3, 'Data Communication', 'ุงูุงุชุตุงูุงุช ุงูุจูุงูุงุช'),
('IT 322', 'Computers Network-2', 'ุดุจูุงุช ุงูุญุงุณูุจ 2', 3, 'Computer Networks-1', 'ุดุจูุงุช ุงูุญุงุณูุจ 1'),
('IT 331', 'Computer Graphics-1', 'ุงูุฑุณููุงุช ุงูุญุงุณูุจูุฉ 1', 3, 'Programming-1', 'ุงูุจุฑูุฌุฉ 1'),
('IT 341', 'Digital Signal Processing', 'ูุนุงูุฌุฉ ุงูุฅุดุงุฑุงุช ุงูุฑูููุฉ', 3, 'Discrete Mathematics', 'ุงูุฑูุงุถูุงุช ุงููุชูุทุนุฉ'),
('IT 342', 'Pattern Recognitions', 'ุงูุชุนุฑู ุนูู ุงูุฃููุงุท', 3, '-', '-'),
('IT 423', 'Information and Computer Networks Security', 'ุฃูู ุงููุนูููุงุช ูุดุจูุงุช ุงูุญุงุณูุจ', 3, 'Computer Networks-1', 'ุดุจูุงุช ุงูุญุงุณูุจ 1'),
('IT 433', 'Multimedia', 'ุงููุณุงุฆุท ุงููุชุนุฏุฏุฉ', 3, 'Programming-1', 'ุงูุจุฑูุฌุฉ 1'),
('IT 441', 'Image Processing-1', 'ูุนุงูุฌุฉ ุงูุตูุฑ 1', 3, 'Signals and Systems', 'ุงูุฅุดุงุฑุงุช ูุงูุฃูุธูุฉ'),
('IT 444', 'Computer Vision', 'ุงูุฑุคูุฉ ุงูุญุงุณูุจูุฉ', 3, 'Algorithms', 'ุงูุฎูุงุฑุฒููุงุช'),
('IT 498', 'Project', 'ูุดุฑูุน', 6, 'Computer Networks-1', 'ุดุจูุงุช ุงูุญุงุณูุจ 1');

-- --------------------------------------------------------

--
-- Table structure for table `it requirements_electives`
--

CREATE TABLE `it requirements_electives` (
  `code` varchar(255) NOT NULL,
  `course_Name_en` longtext DEFAULT NULL,
  `course_Name_ar` longtext DEFAULT NULL,
  `hours` int(11) DEFAULT NULL,
  `prerequest_en` longtext DEFAULT NULL,
  `prerequest_ar` longtext DEFAULT NULL
) ENGINE=InnoDB DEFAULT CHARSET=utf8mb4 COLLATE=utf8mb4_general_ci;

--
-- Dumping data for table `it requirements_electives`
--

INSERT INTO `it requirements_electives` (`code`, `course_Name_en`, `course_Name_ar`, `hours`, `prerequest_en`, `prerequest_ar`) VALUES
('CS 352', 'Software Engineering-2', 'ููุฏุณุฉ ุงูุจุฑูุฌูุงุช-2', 3, 'Software Engineering-1', 'ููุฏุณุฉ ุงูุจุฑูุฌูุงุช-1'),
('IS 312', 'Database Systems-2', 'ุฃูุธูุฉ ููุงุนุฏ ุงูุจูุงูุงุช-2', 3, 'Database Systems-1', 'ุฃูุธูุฉ ููุงุนุฏ ุงูุจูุงูุงุช-1'),
('IS 345', 'Internet Applications', 'ุชุทุจููุงุช ุงูุฅูุชุฑูุช', 3, 'Internet Technology', 'ุชูููุฉ ุงูุฅูุชุฑูุช'),
('IT 312', 'Microprocessors', 'ุงููุนุงูุฌุงุช ุงูุฏูููุฉ', 3, 'Logic Design', 'ุชุตููู ุงูููุทู'),
('IT 313', 'Computer Interfaces', 'ูุงุฌูุงุช ุงูุญุงุณูุจ', 3, 'Computer Architecture', 'ููุฏุณุฉ ุงูุญุงุณูุจ'),
('IT 332', 'Computer Graphics-2', 'ุงูุฑุณููุงุช ุงูุญุงุณูุจูุฉ 2', 3, 'Computer Graphics-1', 'ุงูุฑุณููุงุช ุงูุญุงุณูุจูุฉ 1'),
('IT 411', 'Distributed and Parallel computer systems', 'ุฃูุธูุฉ ุงูุญุงุณูุจ ุงูููุฒุนุฉ ูุงููุชูุงุฒูุฉ', 3, 'Computer Architecture', 'ููุฏุณุฉ ุงูุญุงุณูุจ'),
('IT 412', 'Real Time Systems', 'ุฃูุธูุฉ ุงูููุช ุงูุญูููู', 3, 'Computer Architecture', 'ููุฏุณุฉ ุงูุญุงุณูุจ'),
('IT 414', 'Embedded Systems', 'ุงูุฃูุธูุฉ ุงููุฏูุฌุฉ', 3, 'Microprocessors', 'ุงููุนุงูุฌุงุช ุงูุฏูููุฉ'),
('IT 415', 'Robotics', 'ุงูุฑูุจูุชุงุช', 3, 'Discrete Mathematics', 'ุงูุฑูุงุถูุงุช ุงููุชูุทุนุฉ'),
('IT 422', 'Wireless and Mobile Networks', 'ุงูุดุจูุงุช ุงููุงุณูููุฉ ูุงููุชุญุฑูุฉ', 3, 'Computers Network-2', 'ุดุจูุงุช ุงูุญุงุณูุจ 2'),
('IT 425', 'Embedded Internet of things System', 'ุงูุฅูุชุฑูุช ุงููุฏูุฌ ููุฃุดูุงุก', 3, 'Embedded Systems', 'ุงูุฃูุธูุฉ ุงููุฏูุฌุฉ'),
('IT 431', 'Virtual Reality', 'ุงููุงูุน ุงูุงูุชุฑุงุถู', 3, 'Computer Graphics-1', 'ุงูุฑุณููุงุช ุงูุญุงุณูุจูุฉ 1'),
('IT 442', 'Image Processing-2', 'ูุนุงูุฌุฉ ุงูุตูุฑ 2', 3, 'Image Processing-1', 'ูุนุงูุฌุฉ ุงูุตูุฑ 1'),
('IT 443', 'Speech Processing', 'ูุนุงูุฌุฉ ุงูููุงู', 3, 'Signals and Systems', 'ุงูุฅุดุงุฑุงุช ูุงูุฃูุธูุฉ'),
('IT 455', 'Image, audio and Video Processing', 'ูุนุงูุฌุฉ ุงูุตูุฑ ูุงูุตูุช ูุงูููุฏูู', 3, 'Speech Processing', 'ูุนุงูุฌุฉ ุงูููุงู'),
('IT 456', '3D Modeling and Animation', 'ุงูููุฐุฌุฉ ุซูุงุซูุฉ ุงูุฃุจุนุงุฏ ูุงูุฑุณูู ุงููุชุญุฑูุฉ', 3, 'Computer Graphics-1', 'ุงูุฑุณููุงุช ุงูุญุงุณูุจูุฉ 1'),
('IT 457', 'Development Game', 'ุชุทููุฑ ุงูุฃูุนุงุจ', 3, 'Computer Graphics-1', 'ุงูุฑุณููุงุช ุงูุญุงุณูุจูุฉ 1'),
('IT 496', 'Selected Topics in Information Technology', 'ููุงุถูุน ูุฎุชุงุฑุฉ ูู ุชูููููุฌูุง ุงููุนูููุงุช', 3, '-', '-');

-- --------------------------------------------------------

--
-- Table structure for table `students`
--

CREATE TABLE `students` (
  `StudentId` int(11) NOT NULL,
  `Email` varchar(255) DEFAULT NULL,
  `FirstName` longtext DEFAULT NULL,
  `lastName` longtext DEFAULT NULL,
  `Password` longtext DEFAULT NULL,
  `Token` longtext DEFAULT NULL,
  `role` longtext DEFAULT NULL,
  `hours` int(11) DEFAULT NULL,
  `gpa` double DEFAULT NULL,
  `department_en` longtext DEFAULT NULL,
  `department_ar` longtext DEFAULT NULL,
  `isActive` tinyint(1) DEFAULT NULL
) ENGINE=InnoDB DEFAULT CHARSET=utf8mb4 COLLATE=utf8mb4_general_ci;

--
-- Dumping data for table `students`
--

INSERT INTO `students` (`StudentId`, `Email`, `FirstName`, `lastName`, `Password`, `Token`, `role`, `hours`, `gpa`, `department_en`, `department_ar`, `isActive`) VALUES
(1, 'Abdullah_20210560@fci.helwan.edu.eg', 'Abdullah', 'Mahmoud', '$2a$11$VwhBe5oeHZZq5WcI6FRbK.J/VJVKoj12zOTkxdrW67wipeSpqNplq', 'eyJhbGciOiJIUzI1NiIsInR5cCI6IkpXVCJ9.eyJpZCI6IjEiLCJlbWFpbCI6IkFiZHVsbGFoXzIwMjEwNTYwQGZjaS5oZWx3YW4uZWR1LmVnIiwiZmlyc3ROYW1lIjoiQWJkdWxsYWgiLCJsYXN0TmFtZSI6Ik1haG1vdWQiLCJkZXBhcnRtZW50X2VuIjoiQ1MiLCJkZXBhcnRtZW50X2FyIjoi2LnZhNmI2YUg2KfZhNit2KfYs9ioIiwianRpIjoiNGM0ODcwZGQtMjNkNi00ZmMxLWI4NGMtYjk2N2M0YTFmNTk4IiwiZXhwIjoxNzUwOTM2ODk5LCJpc3MiOiJodHRwOi8vbG9jYWxob3N0OjcxNTUiLCJhdWQiOiJodHRwOi8vbG9jYWxob3N0OjUwMDAifQ.2kRSqbfsAVJAGDStbZeCha7Z8rmELOjifWKPC6Qy-OM', 'Student', 19, 3.139473684210526, 'CS', 'ุนููู ุงูุญุงุณุจ', 1),
(2, 'Abdulrahmman_20210514@fci.helwan.edu.eg', 'Abdalrahman', 'Abdelaziz', '$2a$11$Gb2A4XJ6jpZs9BjW417RU.k3/knuwNxWJND/8pLc3t6xLjfZWyI4O', 'eyJhbGciOiJIUzI1NiIsInR5cCI6IkpXVCJ9.eyJpZCI6IjIiLCJlbWFpbCI6IkFiZHVscmFobW1hbl8yMDIxMDUxNEBmY2kuaGVsd2FuLmVkdS5lZyIsImZpcnN0TmFtZSI6IkFiZGFscmFobWFuIiwibGFzdE5hbWUiOiJBYmRlbGF6aXoiLCJkZXBhcnRtZW50X2VuIjoiR2VuZXJhbCIsImRlcGFydG1lbnRfYXIiOiLYudin2YUiLCJqdGkiOiIyYTdlZThjOC01ODRiLTQ0N2QtYjQzOS00NjJmZjU2OTVkODQiLCJleHAiOjE3NTA5NjQxNjcsImlzcyI6Imh0dHA6Ly9sb2NhbGhvc3Q6NzE1NSIsImF1ZCI6Imh0dHA6Ly9sb2NhbGhvc3Q6NTAwMCJ9.qOHv9uNqVj77FIkuxUD7k3OvQFuvLPZzbq-khvmqIf8', 'Student', 27, 3.2783333333333338, 'General', 'ุนุงู', 1);

-- --------------------------------------------------------

--
-- Table structure for table `studentsubjects`
--

CREATE TABLE `studentsubjects` (
  `Id` int(11) NOT NULL,
  `SubjectCode` varchar(255) DEFAULT NULL,
  `grade` longtext DEFAULT NULL,
  `StudentId` int(11) DEFAULT NULL
) ENGINE=InnoDB DEFAULT CHARSET=utf8mb4 COLLATE=utf8mb4_general_ci;

--
-- Dumping data for table `studentsubjects`
--

INSERT INTO `studentsubjects` (`Id`, `SubjectCode`, `grade`, `StudentId`) VALUES
(1, 'HU 111', 'A+', 1),
(2, 'HU 111', 'A+', 2),
(3, 'HU 112', 'A', 2),
(4, 'HU 323', 'A+', 2),
(5, 'CS 111', 'B+', 2),
(6, 'IS 211', 'D+', 2),
(7, 'PH 111', 'B+', 2),
(8, 'CS 112', 'C+', 2),
(9, 'HU 112', 'B+', 1),
(10, 'CS 214', 'A', 2),
(11, 'HU 121', 'A', 1),
(12, 'HU 313', 'A+', 2),
(13, 'HU 122', 'B', 2),
(14, 'IS 231', 'D+', 2),
(15, 'HU 323', 'C+', 1),
(16, 'CS 111', 'C+', 1),
(17, 'IS 231', 'C+', 1),
(18, 'IS 211', 'C+', 1);

-- --------------------------------------------------------

--
-- Table structure for table `subjects`
--

CREATE TABLE `subjects` (
  `SubjectCode` varchar(255) NOT NULL,
  `course_Name_en` longtext DEFAULT NULL,
  `hours` int(11) NOT NULL
) ENGINE=InnoDB DEFAULT CHARSET=utf8mb4 COLLATE=utf8mb4_general_ci;

--
-- Dumping data for table `subjects`
--

INSERT INTO `subjects` (`SubjectCode`, `course_Name_en`, `hours`) VALUES
('AI 310', 'Artificial Intelligence', 3),
('AI 320', 'Convex Optimization Theory', 3),
('AI 330', 'Machine Learning', 3),
('AI 335', 'Neural Networks & Deep Learning', 3),
('AI 350', 'Data Visualization', 3),
('AI 360', 'Natural Language Processing', 3),
('AI 370', 'Advanced Machine Learning', 3),
('AI 380', 'Human Computer Interaction', 3),
('AI 420', 'Evolutionary Algorithm', 3),
('AI 430', 'Computational Intelligence', 3),
('AI 435', 'Spoken Language Processing', 3),
('AI 457', 'Knowledge Representation', 3),
('AI 460', 'Natural Language Understanding', 3),
('AI 490', 'Bioinformatics', 3),
('AI 496', 'Selected Topics in Artificial Intelligence', 3),
('AI 498', 'Project', 6),
('CS 111', 'Introduction to Computers', 3),
('CS 112', 'Programming-1', 3),
('CS 213', 'Programming-2', 3),
('CS 214', 'Data Structures', 3),
('CS 221', 'Logic Design', 3),
('CS 241', 'Operating Systems-1', 3),
('CS 251', 'Software Engineering-1', 3),
('CS 313', 'Programming-3', 3),
('CS 316', 'Algorithms', 3),
('CS 322', 'Computer Organization', 3),
('CS 342', 'Operating Systems-2', 3),
('CS 352', 'Software Engineering-2', 3),
('CS 405', 'Theory of Computation', 3),
('CS 410', 'Concepts of Programming Languages', 3),
('CS 416', 'Advanced Algorithms', 3),
('CS 419', 'Compilers', 3),
('CS 460', 'Distributed Systems and Cloud Computing', 3),
('CS 471', 'Parallel Processing and High Performance Computing', 3),
('CS 480', 'Cryptography', 3),
('CS 496', 'Selected Topics in Computer Science', 3),
('CS 498', 'Project', 6),
('HU 111', 'English-1', 2),
('HU 112', 'English-2', 2),
('HU 121', 'Fundamentals of Economics', 3),
('HU 122', 'Fundamentals of Management', 3),
('HU 213', 'English-3', 3),
('HU 313', 'Human Rights', 2),
('HU 323', 'Fundamentals of Accounting', 3),
('HU 331', 'Communication & Negotiation Skills', 3),
('HU 332', 'Creative Thinking', 3),
('HU 333', 'Mass Communication', 3),
('HU 334', 'Professional Ethics', 3),
('IS 211', 'Database Systems-1', 3),
('IS 231', 'Fundamentals of Information Systems', 3),
('IS 240', 'Operations Research', 3),
('IS 241', 'Modeling and Simulation', 3),
('IS 312', 'Database Systems-2', 3),
('IS 313', 'Data Storage and Retrieval', 3),
('IS 321', 'Projects Management', 3),
('IS 333', 'Management Information Systems', 3),
('IS 334', 'Accounting Information Systems', 3),
('IS 342', 'Simulation Languages', 3),
('IS 345', 'Internet Applications', 3),
('IS 350', 'Business Intelligence and Data Analytical', 3),
('IS 351', 'System Analysis and Design-1', 3),
('IS 352', 'Analysis and Design of Information Systems-2', 3),
('IS 360', 'Introduction to Data Science', 3),
('IS 365', 'Big Data Technologies', 3),
('IS 414', 'Information Systems Security', 3),
('IS 415', 'Object Oriented Database', 3),
('IS 416', 'Distributed Database', 3),
('IS 421', 'Data Mining', 3),
('IS 422', 'Data Warehousing', 3),
('IS 434', 'Quality Assurance of Information Systems and Programming', 3),
('IS 435', 'Information Centers Management', 3),
('IS 441', 'Intelligent Information Systems', 3),
('IS 442', 'E-Commerce', 3),
('IS 443', 'Geographical Information Systems', 3),
('IS 444', 'Multimedia Information Systems', 3),
('IS 448', 'Knowledge base management', 3),
('IS 450', 'Software Testing and Integration', 3),
('IS 451', 'Decision Support Systems', 3),
('IS 453', 'Information Systems Development Methodologies', 3),
('IS 455', 'Software Quality Assurance and Testing', 3),
('IS 460', 'Introduction to Deep Learning', 3),
('IS 496', 'Selected Topics in Information Systems', 3),
('IS 498', 'Project', 6),
('IT 111', 'Electronics-1', 3),
('IT 211', 'Computer Maintenance', 3),
('IT 221', 'Data Communication', 3),
('IT 222', 'Computer Networks-1', 3),
('IT 223', 'Internet Technology', 3),
('IT 241', 'Signals and Systems', 3),
('IT 311', 'Computer Architecture', 3),
('IT 312', 'Microprocessors', 3),
('IT 313', 'Computer Interfaces', 3),
('IT 321', 'Communication Technology', 3),
('IT 322', 'Computers Network-2', 3),
('IT 331', 'Computer Graphics-1', 3),
('IT 332', 'Computer Graphics-2', 3),
('IT 341', 'Digital Signal Processing', 3),
('IT 342', 'Pattern Recognition', 3),
('IT 411', 'Distributed and Parallel Computer Systems', 3),
('IT 412', 'Real Time Systems', 3),
('IT 414', 'Embedded Systems', 3),
('IT 415', 'Robotics', 3),
('IT 422', 'Wireless and Mobile Networks', 3),
('IT 423', 'Information and Computer Networks Security', 3),
('IT 425', 'Embedded Internet of Things System', 3),
('IT 431', 'Virtual Reality', 3),
('IT 433', 'Multimedia', 3),
('IT 441', 'Image Processing-1', 3),
('IT 442', 'Image Processing-2', 3),
('IT 443', 'Speech Processing', 3),
('IT 444', 'Computer Vision', 3),
('IT 455', 'Image, Audio and Video Processing', 3),
('IT 456', '3D Modeling and Animation', 3),
('IT 457', 'Game Development', 3),
('IT 496', 'Selected Topics in Information Technology', 3),
('IT 498', 'Project', 6),
('MA 111', 'Mathematics-1', 3),
('MA 112', 'Discrete Mathematics', 3),
('MA 113', 'Mathematics-2', 3),
('PH 111', 'Physics', 3),
('ST 121', 'Probability and Statistics-1', 3),
('ST 122', 'Probability and Statistics-2', 3);

-- --------------------------------------------------------

--
-- Table structure for table `__efmigrationshistory`
--

CREATE TABLE `__efmigrationshistory` (
  `MigrationId` varchar(150) NOT NULL,
  `ProductVersion` varchar(32) NOT NULL
) ENGINE=InnoDB DEFAULT CHARSET=utf8mb4 COLLATE=utf8mb4_general_ci;

--
-- Dumping data for table `__efmigrationshistory`
--

INSERT INTO `__efmigrationshistory` (`MigrationId`, `ProductVersion`) VALUES
('20250530233547_allTablesAndInsertData', '8.0.15'),
('20250606142912_addChatPDF', '8.0.15'),
('20250607025631_ChatPDF', '8.0.15'),
('20250607042356_updatechatPDF', '8.0.15');

--
-- Indexes for dumped tables
--

--
-- Indexes for table `ai requirements_compulsory`
--
ALTER TABLE `ai requirements_compulsory`
  ADD PRIMARY KEY (`code`);

--
-- Indexes for table `ai requirements_electives`
--
ALTER TABLE `ai requirements_electives`
  ADD PRIMARY KEY (`code`);

--
-- Indexes for table `chathistories`
--
ALTER TABLE `chathistories`
  ADD PRIMARY KEY (`Id`),
  ADD KEY `IX_ChatHistories_StudentId` (`StudentId`);

--
-- Indexes for table `chathistoriespdf`
--
ALTER TABLE `chathistoriespdf`
  ADD PRIMARY KEY (`Id`),
  ADD KEY `IX_ChatHistoriesPDF_StudentId` (`StudentId`);

--
-- Indexes for table `chatmessagepdfs`
--
ALTER TABLE `chatmessagepdfs`
  ADD PRIMARY KEY (`MessageId`),
  ADD KEY `IX_chatMessagePDFs_ChatId` (`ChatId`),
  ADD KEY `IX_chatMessagePDFs_StudentId` (`StudentId`);

--
-- Indexes for table `chatmessages`
--
ALTER TABLE `chatmessages`
  ADD PRIMARY KEY (`Id`),
  ADD KEY `IX_ChatMessages_ChatHistoryId` (`ChatHistoryId`),
  ADD KEY `IX_ChatMessages_StudentId` (`StudentId`);

--
-- Indexes for table `cs requirements_compulsory`
--
ALTER TABLE `cs requirements_compulsory`
  ADD PRIMARY KEY (`code`);

--
-- Indexes for table `cs requirements_electives`
--
ALTER TABLE `cs requirements_electives`
  ADD PRIMARY KEY (`code`);

--
-- Indexes for table `faculty requirements_compulsory`
--
ALTER TABLE `faculty requirements_compulsory`
  ADD PRIMARY KEY (`code`);

--
-- Indexes for table `faculty requirements_electives`
--
ALTER TABLE `faculty requirements_electives`
  ADD PRIMARY KEY (`code`);

--
-- Indexes for table `files`
--
ALTER TABLE `files`
  ADD PRIMARY KEY (`FileId`),
  ADD KEY `IX_Files_ChatId` (`ChatId`),
  ADD KEY `IX_Files_StudentId` (`StudentId`);

--
-- Indexes for table `general requirements_compulsory`
--
ALTER TABLE `general requirements_compulsory`
  ADD PRIMARY KEY (`code`);

--
-- Indexes for table `general requirements_electives`
--
ALTER TABLE `general requirements_electives`
  ADD PRIMARY KEY (`code`);

--
-- Indexes for table `is requirements_compulsory`
--
ALTER TABLE `is requirements_compulsory`
  ADD PRIMARY KEY (`code`);

--
-- Indexes for table `is requirements_electives`
--
ALTER TABLE `is requirements_electives`
  ADD PRIMARY KEY (`code`);

--
-- Indexes for table `it requirements_compulsory`
--
ALTER TABLE `it requirements_compulsory`
  ADD PRIMARY KEY (`code`);

--
-- Indexes for table `it requirements_electives`
--
ALTER TABLE `it requirements_electives`
  ADD PRIMARY KEY (`code`);

--
-- Indexes for table `students`
--
ALTER TABLE `students`
  ADD PRIMARY KEY (`StudentId`),
  ADD UNIQUE KEY `IX_Students_Email` (`Email`);

--
-- Indexes for table `studentsubjects`
--
ALTER TABLE `studentsubjects`
  ADD PRIMARY KEY (`Id`),
  ADD KEY `IX_StudentSubjects_StudentId` (`StudentId`),
  ADD KEY `IX_StudentSubjects_SubjectCode` (`SubjectCode`);

--
-- Indexes for table `subjects`
--
ALTER TABLE `subjects`
  ADD PRIMARY KEY (`SubjectCode`);

--
-- Indexes for table `__efmigrationshistory`
--
ALTER TABLE `__efmigrationshistory`
  ADD PRIMARY KEY (`MigrationId`);

--
-- AUTO_INCREMENT for dumped tables
--

--
-- AUTO_INCREMENT for table `chathistories`
--
ALTER TABLE `chathistories`
  MODIFY `Id` int(11) NOT NULL AUTO_INCREMENT, AUTO_INCREMENT=196;

--
-- AUTO_INCREMENT for table `chathistoriespdf`
--
ALTER TABLE `chathistoriespdf`
  MODIFY `Id` int(11) NOT NULL AUTO_INCREMENT, AUTO_INCREMENT=37;

--
-- AUTO_INCREMENT for table `chatmessagepdfs`
--
ALTER TABLE `chatmessagepdfs`
  MODIFY `MessageId` int(11) NOT NULL AUTO_INCREMENT, AUTO_INCREMENT=56;

--
-- AUTO_INCREMENT for table `chatmessages`
--
ALTER TABLE `chatmessages`
  MODIFY `Id` int(11) NOT NULL AUTO_INCREMENT, AUTO_INCREMENT=185;

--
-- AUTO_INCREMENT for table `files`
--
ALTER TABLE `files`
  MODIFY `FileId` int(11) NOT NULL AUTO_INCREMENT, AUTO_INCREMENT=52;

--
-- AUTO_INCREMENT for table `students`
--
ALTER TABLE `students`
  MODIFY `StudentId` int(11) NOT NULL AUTO_INCREMENT, AUTO_INCREMENT=3;

--
-- AUTO_INCREMENT for table `studentsubjects`
--
ALTER TABLE `studentsubjects`
  MODIFY `Id` int(11) NOT NULL AUTO_INCREMENT, AUTO_INCREMENT=19;

--
-- Constraints for dumped tables
--

--
-- Constraints for table `chathistories`
--
ALTER TABLE `chathistories`
  ADD CONSTRAINT `FK_ChatHistories_Students_StudentId` FOREIGN KEY (`StudentId`) REFERENCES `students` (`StudentId`);

--
-- Constraints for table `chathistoriespdf`
--
ALTER TABLE `chathistoriespdf`
  ADD CONSTRAINT `FK_ChatHistoriesPDF_Students_StudentId` FOREIGN KEY (`StudentId`) REFERENCES `students` (`StudentId`);

--
-- Constraints for table `chatmessagepdfs`
--
ALTER TABLE `chatmessagepdfs`
  ADD CONSTRAINT `FK_chatMessagePDFs_ChatHistoriesPDF_ChatId` FOREIGN KEY (`ChatId`) REFERENCES `chathistoriespdf` (`Id`) ON DELETE CASCADE,
  ADD CONSTRAINT `FK_chatMessagePDFs_Students_StudentId` FOREIGN KEY (`StudentId`) REFERENCES `students` (`StudentId`) ON DELETE CASCADE;

--
-- Constraints for table `chatmessages`
--
ALTER TABLE `chatmessages`
  ADD CONSTRAINT `FK_ChatMessages_ChatHistories_ChatHistoryId` FOREIGN KEY (`ChatHistoryId`) REFERENCES `chathistories` (`Id`),
  ADD CONSTRAINT `FK_ChatMessages_Students_StudentId` FOREIGN KEY (`StudentId`) REFERENCES `students` (`StudentId`);

--
-- Constraints for table `files`
--
ALTER TABLE `files`
  ADD CONSTRAINT `FK_Files_ChatHistoriesPDF_ChatId` FOREIGN KEY (`ChatId`) REFERENCES `chathistoriespdf` (`Id`),
  ADD CONSTRAINT `FK_Files_Students_StudentId` FOREIGN KEY (`StudentId`) REFERENCES `students` (`StudentId`);

--
-- Constraints for table `studentsubjects`
--
ALTER TABLE `studentsubjects`
  ADD CONSTRAINT `FK_StudentSubjects_Students_StudentId` FOREIGN KEY (`StudentId`) REFERENCES `students` (`StudentId`),
  ADD CONSTRAINT `FK_StudentSubjects_Subjects_SubjectCode` FOREIGN KEY (`SubjectCode`) REFERENCES `subjects` (`SubjectCode`);
COMMIT;

/*!40101 SET CHARACTER_SET_CLIENT=@OLD_CHARACTER_SET_CLIENT */;
/*!40101 SET CHARACTER_SET_RESULTS=@OLD_CHARACTER_SET_RESULTS */;
/*!40101 SET COLLATION_CONNECTION=@OLD_COLLATION_CONNECTION */;
